Product Id,Product Name,Category,Gender,Price,Selling_price,Original_price,Rating,Number of Reviews,Quantity,order_date
1,Lemonade Mix,Food - Beverages,Male,35455,9843,39619,2.14,20,48,20/02/2025
2,Travel Pillow with Memory Foam,Travel,Male,14537,21142,45784,2.62,4,18,26/11/2024
3,Almond Butter Cups,Food - Snacks,Female,31452,89601,5187,4.3,9,47,30/04/2025
4,Travel Pillow with Memory Foam,Travel,Male,25519,89107,98879,4.36,17,34,05/03/2025
5,Sweet Potato & Kale Hash,Food - Prepared Foods,Male,545,26223,20419,3.28,12,39,10/10/2025
6,Children's Educational Workbook,Books,Male,659,161677,48109,2.62,3,49,27/03/2025
7,Balsamic Vinaigrette,Food - Dressings,Male,8734,71436,53297,3.4,2,17,14/03/2025
8,Thai Coconut Curry Sauce,Food - Condiments,Male,42134,104437,4900,2.79,15,27,01/07/2025
9,Wrap Jumpsuit,Clothing - Jumpsuits,Female,5935,45632,2504,4.33,6,33,27/05/2025
10,Vacuum Sealer Machine,Kitchen,Female,13148,10140,75059,4.93,9,33,29/04/2025
11,Basil Tomato Soup,Food - Canned Soups,Male,33455,135030,39330,4.63,10,2,20/08/2025
12,Smart Scale,Health,Female,28206,132127,47178,2.73,19,46,29/09/2025
13,Maple Bacon Popcorn,Food - Snacks,Female,48617,181693,18322,3.75,18,46,02/10/2025
14,Graphic Hoodie,Clothing - Outerwear,Female,49741,165278,30039,3.96,10,46,16/08/2025
15,Spicy Hummus,Food - Deli,Female,33232,28066,67214,3.09,9,43,12/12/2024
16,Chili Lime Corn Chips,Food - Snacks,Female,20170,28168,72593,3.49,14,28,06/02/2025
17,Dog Frisbee Toy,Pets,Male,49758,66173,57482,3.45,12,47,17/04/2025
18,Stuffed Bell Peppers,Food - Frozen Meals,Male,31089,80849,20323,2.01,2,43,30/08/2025
19,Honey Sesame Cashews,Food - Snacks,Female,6431,53799,45319,3.92,10,2,21/07/2025
20,Lockable Bicycle Chain,Outdoor,Male,43896,20090,54287,4.13,12,35,24/09/2025
21,Potato Wedge Seasoning,Food - Condiments,Female,23830,58301,60223,3.83,1,41,28/11/2024
22,Brown Sugar,Food - Baking,Female,30569,11446,68702,4.95,9,36,31/01/2025
23,Roasted Red Pepper Sauce,Food - Sauces,Female,40260,103272,5546,4.6,18,24,02/07/2025
24,Non-Stick Grill Mat,Outdoor,Male,19505,7156,64499,4.26,7,39,13/12/2024
25,Honey Roasted Peanuts,Food - Snacks,Female,28774,194490,24336,2.36,16,12,09/05/2025
26,Handmade Wooden Utensil Set,Kitchen,Female,25554,51684,46678,4.01,10,48,01/04/2025
27,Chicken Broth,Food - Canned Goods,Female,9938,183855,48390,3.5,9,47,14/12/2024
28,Organic Almonds,Food - Nuts,Male,9282,157715,64233,2.07,1,38,13/01/2025
29,Puffed Rice Cake,Food - Snacks,Female,9213,62159,72949,2.8,14,45,10/03/2025
30,Pumpkin Ice Cream,Food - Frozen Foods,Female,2271,41957,63882,3.15,2,40,03/07/2025
31,Glass Food Containers,Kitchen,Female,48739,48404,57711,4.2,3,23,22/05/2025
32,Sea Salt Caramel Brownie,Food - Bakery,Female,49063,18107,41395,4.3,13,1,16/06/2025
33,Travel Hair Straightener,Beauty,Male,32365,55813,5437,2.46,12,1,25/10/2025
34,Green Tea Matcha Powder,Food - Beverages,Female,29394,138587,19538,2.94,12,19,31/10/2025
35,Portable Folding Picnic Table,Outdoor,Male,2430,122669,90239,2.29,17,10,10/01/2025
36,Spaghetti Squash,Food - Produce,Female,30259,42435,89900,4.69,2,16,18/07/2025
37,Free-Range Eggs,Food - Dairy,Female,46041,55526,82048,3.78,4,10,06/04/2025
38,Portable Campfire,Outdoor,Male,6477,33175,20099,2.26,15,21,08/03/2025
39,Outdoor Picnic Blanket,Outdoor,Female,10937,55581,3645,3.07,19,28,04/04/2025
40,Cotton Pajama Set,Clothing - Loungewear,Male,15656,177528,36012,2.98,15,30,27/04/2025
41,Fashionable Scarves Set,Clothing,Female,35346,87699,89246,3.93,14,1,22/06/2025
42,Electric Screwdriver,Tools,Female,42057,76370,57006,4.32,9,25,03/02/2025
43,Compact Portable Grill,Outdoor,Male,1329,108791,6812,3.2,10,39,12/09/2025
44,Classic Bagels,Food - Bakery,Male,15856,64928,74156,2.39,20,47,30/04/2025
45,Dark Chocolate Covered Almonds,Food - Snacks,Male,37393,94801,31625,4.42,1,49,28/09/2025
46,Electric Skillet,Kitchen,Female,38205,132314,39943,2.24,15,9,12/06/2025
47,Sesame Noodles,Food - Grab-and-Go,Male,27779,4010,62409,4.08,20,16,06/11/2024
48,Bamboo Charcoal Air Purifier Bags,Home,Female,34538,169944,80237,3,19,42,03/09/2025
49,Sweet Potato Fries,Food - Frozen Foods,Female,44570,13495,40883,3,20,32,13/09/2025
50,Pet Water Bottle,Pets,Female,5817,144446,27729,3.02,9,13,26/03/2025
51,Handheld Shower Head,Bathroom,Female,3705,84915,30575,4.79,16,34,08/06/2025
52,Ceramic Cookware Set,Kitchen,Female,15593,74039,3205,3.91,17,50,24/01/2025
53,Field Journal,Books,Male,26875,108450,30569,2.9,17,45,28/03/2025
54,Ice Cream Maker,Kitchen,Male,1302,70956,88919,3.12,18,36,22/03/2025
55,Dog Collar,Pets,Female,11997,134978,23928,2.06,16,50,17/11/2024
56,Cinnamon Sugar Donuts,Food - Bakery,Female,33327,26610,49452,2.31,18,22,30/05/2025
57,Greek Yogurt,Food - Dairy,Female,6407,7555,97838,4.35,18,34,02/06/2025
58,Spinach Feta Wraps,Food - Deli,Male,48482,17191,32248,3,5,21,17/08/2025
59,Key Finder,Accessories,Female,33768,12325,20483,2.19,14,11,29/09/2025
60,Almond Flour Cookies,Food - Bakery,Male,9517,47887,37688,3.85,2,7,12/03/2025
61,Indestructible Dog Toy,Pets,Male,1530,116242,5996,3.04,20,29,14/12/2024
62,Waffle Maker,Kitchen,Female,14940,21170,55482,2.3,8,43,10/06/2025
63,Jigsaw Puzzle,Toys,Male,5226,130431,61220,4.24,11,50,17/10/2025
64,Beard Grooming Kit,Grooming,Male,4454,82046,177,2.39,3,14,09/09/2025
65,Carrot and Celery Sticks,Food - Produce,Male,31971,41156,95986,2.29,11,12,24/11/2024
66,Spicy Italian Sausage,Food - Meat & Seafood,Female,30206,35993,4424,3.53,17,48,22/07/2025
67,Green Tea Matcha Powder,Food - Beverages,Male,22999,51074,82196,2.08,11,32,05/07/2025
68,Travel Orthopedic Pillow,Travel,Female,6311,76571,39024,2.12,20,13,27/10/2025
69,Children's Gardening Set,Toys,Male,25070,127462,82388,4.9,3,35,27/01/2025
70,Compact Refrigerator,Home Appliances,Male,989,126404,48088,4.08,10,20,21/05/2025
71,Mini Air Hockey Table,Toys,Female,1327,104877,96458,4.51,7,4,13/10/2025
72,Summer Tank Dress,Clothing - Dresses,Male,46479,49449,25678,4.39,16,39,11/02/2025
73,Buffalo Style Cauliflower Bites,Food - Frozen Vegetables,Male,27923,109462,10951,3.86,1,15,15/04/2025
74,Dark Chocolate Covered Pretzels,Food - Snacks,Female,30603,160425,14537,3.18,15,34,19/10/2025
75,Protein Powder,Fitness,Female,24561,183821,83917,3.27,15,10,18/07/2025
76,Peas (frozen),Food - Frozen Foods,Male,19847,88966,18248,4.3,1,27,29/07/2025
77,Brown Sugar,Food - Baking,Male,35894,151095,13621,2.42,9,29,06/04/2025
78,Non-Stick Crepe Pan,Kitchen,Female,42957,128063,37808,3.27,14,50,08/06/2025
79,Sweet Cherry Tomatoes,Food - Produce,Female,3933,85068,44387,2.22,16,37,09/09/2025
80,Non-Stick Grill Pan,Kitchen,Female,45789,160845,41313,2.17,14,12,24/08/2025
81,Chino Shorts,Clothing - Bottoms,Male,19468,21834,52390,3.9,10,11,04/12/2024
82,Professional Chef Knife,Kitchen,Male,13377,51028,64417,3.61,20,27,14/05/2025
83,Patterned Knit Scarf,Clothing - Accessories,Female,10793,62195,66037,4.3,16,41,14/08/2025
84,Mini Air Purifier,Health,Female,6422,701,32699,2.51,5,9,24/11/2024
85,Electric Razor,Health,Female,12239,120518,80001,4.67,3,1,23/06/2025
86,Beef Enchilada Casserole,Food - Prepared Meals,Female,14415,187272,77989,3.15,10,47,04/06/2025
87,Wireless Earbuds Case,Accessories,Female,46589,90172,4290,3.04,9,31,10/03/2025
88,Gardening Gloves,Garden,Male,12085,106028,45249,3.87,12,23,05/03/2025
89,Lemon Garlic Marinade,Food - Condiments,Male,5570,88959,94990,3.02,13,7,01/05/2025
90,Relaxed Fit Henley Shirt,Clothing - Tops,Female,16085,174395,43657,3.19,7,11,09/03/2025
91,Weighted Jump Rope,Fitness,Female,19789,69598,82761,4.04,18,5,22/01/2025
92,Caramelized Onion Dip,Food - Dairy,Female,25935,82943,28048,2.43,14,49,23/03/2025
93,Electric Griddle with Lid,Kitchen,Male,19365,11766,63187,3.94,18,49,30/05/2025
94,Thermostatic Shower Valve Kit,Bathroom,Female,5017,86658,56725,4.6,20,14,25/11/2024
95,Canned Sardines,Food - Seafood,Male,22929,188437,66160,4.66,12,17,10/07/2025
96,Lentils,Food - Grains,Male,29656,124453,30856,2.41,12,9,06/01/2025
97,Raspberry Vanilla Greek Yogurt,Food - Dairy,Male,34170,58586,73014,2.28,15,23,13/05/2025
98,Coconut Lime Rice,Food - Sides,Female,11540,63638,29944,3.84,6,16,03/09/2025
99,Lentil Soup,Food - Canned Goods,Male,34684,40524,72208,2.98,12,10,01/08/2025
100,Energy Bites,Food - Snacks,Female,10769,107633,44188,2.83,2,37,08/09/2025
101,LED Strip Light Kit,Home,Female,11773,134458,17791,3.65,20,35,15/03/2025
102,Linen Trousers,Clothing - Bottoms,Female,13548,194942,39101,4.17,6,49,05/08/2025
103,Floral Summer Dress,Clothing - Dresses,Female,14315,160328,42179,2.44,5,50,05/03/2025
104,Whole Wheat Pasta,Food - Grains,Female,42849,107929,29879,3.22,16,46,12/08/2025
105,Rustic Italian Breads,Food - Bakery,Female,29481,118952,72702,3.71,10,33,28/04/2025
106,Couscous Mix,Food - Grains,Male,3551,182299,57694,4.6,14,24,11/09/2025
107,Key Finder,Accessories,Male,21273,102690,20036,2.31,6,42,16/11/2024
108,Honeycrisp Apple Chips,Food - Snacks,Male,25142,80087,5708,3.66,19,24,28/01/2025
109,Hand Crank Blender,Kitchen,Male,33439,5264,14546,3.37,14,45,08/05/2025
110,Almond Flour Pizza Crust,Food - Frozen Foods,Male,37343,194013,55916,2.92,16,2,21/10/2025
111,Sun-Dried Tomatoes,Food - Vegetables,Female,37260,8034,14628,2.94,11,9,16/01/2025
112,Electric Griddle with Lid,Kitchen,Female,24150,19821,33662,3.86,9,50,22/02/2025
113,Lemon Sorbet,Food - Frozen Desserts,Female,27547,105403,28164,3.88,10,22,06/01/2025
114,Pet Waterer with Filtration,Pets,Female,22467,166964,48957,3.55,12,49,05/12/2024
115,Frozen Hash Browns,Food - Frozen Foods,Female,35365,1413,86390,2.92,8,16,05/06/2025
116,Trackpad for Laptop,Accessories,Female,29610,121565,70676,4.82,19,2,04/04/2025
117,Electric Wine Opener,Kitchen,Female,26137,86407,80922,4.25,2,39,20/11/2024
118,Laundry Detergent,Food - Household,Male,29592,151991,99817,3.44,4,28,26/10/2025
119,Scent Diffuser Oil,Home,Male,42798,173391,14364,2.69,4,29,17/11/2024
120,Teriyaki Tofu Stir-Fry,Food - Prepared Meals,Female,5974,75134,27776,4.19,18,20,17/03/2025
121,Smoked Gouda Cheese,Food - Dairy,Male,28434,64664,18459,2.04,2,30,01/06/2025
122,Granola Cereal,Food - Breakfast,Male,27038,176094,79496,4.02,10,40,21/12/2024
123,Magnetic Curtain Tiebacks,Home,Male,3167,190488,51423,3.94,15,45,24/03/2025
124,Pet Bed with Removable Cover,Pets,Female,8994,93199,9273,3.7,2,33,06/05/2025
125,Asian Salad Mix,Food - Produce,Male,19710,112116,97312,4.05,10,37,11/11/2024
126,Animal Paw Print Soap Dispenser,Home,Male,44925,83589,40403,4.11,11,44,14/06/2025
127,Adjustable Window Blind,Home,Male,36851,85668,34609,4.05,1,16,08/05/2025
128,Spaghetti Squash,Food - Produce,Female,6433,59841,98179,2.78,18,41,15/03/2025
129,Stuffed Bell Peppers,Food - Frozen Meals,Male,41150,34624,3444,4.89,7,24,06/07/2025
130,Nut Butter Cups,Food - Snacks,Female,11445,86381,25161,2.78,7,30,13/09/2025
131,Peanut Butter Chocolate Clusters,Food - Desserts,Male,32804,30250,36187,4.17,6,4,29/01/2025
132,Adjustable Pedicure Footrest,Beauty,Female,34022,91274,16728,3.89,7,26,01/06/2025
133,Collapsible Pet Dog Bowl,Pets,Male,49196,134469,7786,3.72,2,26,16/02/2025
134,Carrot Ginger Soup,Food - Soups,Male,37038,68814,7888,4.07,10,4,11/09/2025
135,Chickpea Snack Mix,Food - Snacks,Female,37395,114099,99061,2.99,9,34,12/11/2024
136,USB Desk Fan,Home,Male,42183,23414,6267,2.15,4,4,24/07/2025
137,Mango Chunks,Food - Frozen Fruits,Male,13792,58519,95662,2.79,3,41,06/07/2025
138,Organic Blueberries,Food - Fruits,Female,1877,70659,79617,2.8,14,38,23/09/2025
139,Outdoor String Lights,Outdoor,Female,27337,52614,42935,3.18,9,19,20/04/2025
140,Party Mini Dress,Clothing - Dresses,Male,37509,67143,81391,2.4,12,6,14/09/2025
141,Weighted Jump Rope,Fitness,Female,45054,86691,3867,3.05,20,18,07/10/2025
142,Mechanical Pencil Set,Office,Male,16919,157915,56675,3.72,18,45,13/11/2024
143,Chocolate Chip Cookie Mix,Food - Baking,Female,8612,159819,28987,3.95,16,43,06/07/2025
144,Homestyle Beef Stew,Food - Canned Soups,Female,9639,43445,10456,2.49,18,6,11/10/2025
145,Wireless Charging Station,Electronics,Male,34412,191384,35721,4.19,3,43,28/09/2025
146,Microfiber Cleaning Cloths,Home,Female,24766,58740,49250,4.46,4,34,09/09/2025
147,Car Trash Can,Automotive,Female,36798,52883,24509,3.64,6,41,24/01/2025
148,Luxury Rolling Makeup Case,Beauty,Male,4613,56407,40559,3.79,17,11,09/03/2025
149,Ankle Boots,Clothing - Footwear,Male,34073,53694,51245,2.03,7,6,04/01/2025
150,Pretzel Bites,Food - Snacks,Female,2654,96667,94243,2.87,1,43,01/08/2025
151,Suede Ankle Booties,Clothing - Footwear,Female,31702,129039,99042,2.2,13,50,16/01/2025
152,Motion Sensor Light,Home,Female,27614,13409,68878,3.08,10,48,14/12/2024
153,Craft Beer Mustard,Food - Condiments,Male,12856,15516,6131,3.27,13,10,12/03/2025
154,Maple Pecan Oatmeal Cookies,Food - Bakery,Female,6920,119541,2884,3.3,4,37,08/09/2025
155,Mediterranean Couscous,Food - Grains,Female,27291,122340,33392,4.97,10,13,06/07/2025
156,Green Tea Matcha Powder,Food - Beverages,Male,5936,70309,2406,3.67,9,21,27/01/2025
157,Electric Nail File Kit,Beauty,Male,35338,136508,7215,4.26,20,40,09/05/2025
158,Spinach and Cheese Stuffed Shells,Food - Frozen Meals,Female,41408,9884,76884,4.76,15,30,15/02/2025
159,Chili Con Carne Mix,Food - Spices & Seasonings,Female,16497,110277,37092,3.37,2,13,15/10/2025
160,Scent Diffuser Oil,Home,Male,39531,84408,47535,4.82,12,16,20/08/2025
161,Adjustable Garden Rake,Garden,Male,49474,51120,49807,2.66,13,47,02/12/2024
162,Safety Goggles,Safety,Female,5343,90728,97901,4.99,2,14,14/05/2025
163,Wireless Wi-Fi Extender,Electronics,Male,49823,170916,32750,2.08,6,25,07/05/2025
164,Wall-Mounted Bookshelf,Home,Male,33594,131540,77434,4.4,14,11,16/08/2025
165,Mediterranean Couscous Salad,Food - Salads,Female,46924,89573,73980,2.31,6,20,04/07/2025
166,Non-Slip Yoga Socks,Fitness,Male,8828,156935,34309,2.33,6,42,18/06/2025
167,Spicy Thai Noodles,Food - Frozen Meals,Female,12888,54876,87681,4.94,5,34,02/06/2025
168,Hair Dryer,Beauty,Female,11101,135078,70685,2.69,18,5,24/11/2024
169,Maple Bacon Popcorn,Food - Snacks,Female,48497,190716,94789,4.79,5,24,21/07/2025
170,Kids' Art Easel,Toys,Male,18640,108003,89662,4.92,3,50,15/10/2025
171,Kids' STEM Robotics Kit,Toys,Male,31882,35006,88502,2.54,12,49,12/02/2025
172,Vegetable Spring Rolls,Food - Frozen Foods,Male,13350,128587,6641,4.57,16,27,08/10/2025
173,Peanut Butter Pretzel Nuggets,Food - Snacks,Female,22237,20103,46375,3.68,2,32,18/01/2025
174,Training Soccer Ball,Sports,Female,1503,64749,21761,2.78,10,10,18/04/2025
175,Mini Pretzels,Food - Snacks,Male,19057,174361,72968,4.64,11,20,11/02/2025
176,Ginger Snaps,Food - Confectionery,Female,35042,80506,40677,4.63,5,25,17/04/2025
177,Camping Tent,Outdoor,Female,16374,128835,52288,3.5,6,6,09/09/2025
178,Incense Holder,Home,Male,45417,151569,83474,2.19,12,3,09/12/2024
179,Set of Silicone Baking Molds,Kitchen,Female,6348,157479,90677,4.33,13,5,13/01/2025
180,Rainbow Veggie Chips,Food - Snacks,Male,9512,169264,84145,2.33,3,27,27/06/2025
181,DIY Candle Kit,Crafts,Female,36769,84646,81562,3.18,2,27,28/08/2025
182,Noise-Canceling Earbuds,Audio,Female,11817,103839,35383,4.28,11,40,26/08/2025
183,Spicy Chicken Wings,Food - Meat,Male,9782,49881,3461,4.66,7,5,13/05/2025
184,Kale Caesar Salad Kit,Food - Salads,Male,45372,10076,67692,2.79,9,30,25/12/2024
185,Collapsible Pet Dog Bowl,Pets,Female,871,70755,42751,2.12,16,31,19/05/2025
186,Chocolate Chip Cliff Bars,Food - Snacks,Female,14481,192829,29049,4.56,15,47,24/03/2025
187,Portable Solar Charger,Electronics,Female,2643,143470,93748,3.31,14,30,07/11/2024
188,Mini Indoor Herb Garden Kit,Garden,Male,23345,130153,78020,2.41,4,18,13/09/2025
189,Decorative Wall Tapestry,Home,Female,29500,196244,18445,3.27,8,34,15/04/2025
190,Spicy Thai Noodles,Food - Frozen Meals,Male,6738,74657,85725,2.39,8,32,24/10/2025
191,Maple Breakfast Sausage,Food - Meat,Male,17113,126431,44797,3.43,1,3,11/09/2025
192,LED Flashlight,Outdoor,Female,45200,168826,63292,4.85,3,28,05/03/2025
193,Electric Food Slicer,Kitchen,Female,5833,40294,74781,4.5,18,35,10/12/2024
194,Gardening Gloves,Garden,Male,39450,165272,84782,4.54,12,46,28/02/2025
195,Ice Cube Tray with Lid,Kitchen,Male,25960,78500,42521,4.35,2,27,04/07/2025
196,Coconut Oil,Food - Oils & Vinegars,Female,24825,166952,79688,4.35,4,9,13/02/2025
197,Vegetable and Cheese Quesadillas,Food - Frozen,Female,1709,56223,91760,4.21,18,41,20/04/2025
198,Electric Can Opener,Kitchen,Male,34130,69025,73408,2.95,6,22,04/03/2025
199,Running Shorts,Clothing - Activewear,Male,12729,125731,52570,3.48,2,48,28/07/2025
200,Almond Joy Protein Bars,Food - Snacks,Male,13251,74254,66176,4.45,20,24,22/09/2025
201,Whole Roasted Chicken,Food - Meats,Female,48767,86226,45462,2.79,14,18,04/01/2025
202,Baby Monitor,Baby,Male,17257,71282,28487,4.7,9,36,01/04/2025
203,Pet Leash,Pets,Female,3040,151568,56081,3.08,2,41,12/02/2025
204,Multi-Cooker,Kitchen,Female,31822,129994,35516,3.41,11,33,21/09/2025
205,Deluxe First Aid Kit,Health,Male,44871,156360,97785,3,17,41,24/04/2025
206,Vegan Mayonnaise,Food - Condiments,Male,40030,85438,19541,3.44,16,31,26/09/2025
207,Essential White Button-Up,Clothing - Shirts,Male,42680,56229,4607,3.88,13,26,14/12/2024
208,Compressible Packing Cubes,Travel,Male,10328,176267,45679,3.15,1,42,04/11/2024
209,Habanero Hot Sauce,Food - Condiments,Female,10241,21442,99342,3,7,28,10/12/2024
210,Kids' Building Blocks,Toys,Female,41351,193738,38780,3.85,8,48,06/10/2025
211,Coconut Almond Granola,Food - Breakfast,Male,27054,159139,77880,4.78,2,10,20/08/2025
212,Wireless Charging Pad,Accessories,Male,43242,50744,73700,2.9,2,25,05/09/2025
213,Puzzle,Toys,Male,30176,186853,13685,4.94,18,33,20/02/2025
214,Classic Cheesecake Mix,Food - Desserts,Female,3897,109453,5714,4.71,10,36,27/09/2025
215,Backpack,Accessories,Female,26023,3579,490,2.27,10,40,08/08/2025
216,Personalized Pet ID Tags,Pets,Female,926,89822,45076,2.81,9,3,04/07/2025
217,Silicone Baking Mats,Kitchen,Male,39860,15440,98215,2.71,13,38,17/02/2025
218,Creamy Spinach Dip,Food - Prepared Foods,Female,12835,125615,24731,4.46,2,8,05/08/2025
219,Vintage Button-Down Shirt,Clothing - Shirts,Female,25012,24857,27940,3.56,18,43,22/08/2025
220,Slingback Sandals,Clothing - Footwear,Male,10051,101863,47149,3.96,20,26,30/05/2025
221,Garlic & Herb Goat Cheese,Food - Dairy,Male,21342,176204,70440,2.56,4,18,27/06/2025
222,Artisan Bread,Food - Bakery,Female,49368,931,47008,2.38,9,16,25/09/2025
223,Pecan Nuts,Food - Snacks,Female,8300,44540,94843,2.4,10,2,13/04/2025
224,Zucchini Noodles,Food - Vegetables,Male,3213,134178,76830,2.56,16,45,11/05/2025
225,Lentil Soup (canned),Food - Canned Goods,Female,14562,39163,92619,4.91,3,16,11/02/2025
226,Outdoor Portable Fire Pit,Outdoor,Female,42204,110705,17575,2.32,20,24,13/09/2025
227,Plant-Based Protein Bars,Health,Female,8788,4265,44761,3.72,6,8,07/07/2025
228,Chocolate Chip Cookie Dough,Food - Baking,Female,47971,176246,41786,4.9,20,3,17/06/2025
229,Classic Baseball Cap,Clothing - Accessories,Female,5914,4154,26185,3.67,18,50,16/02/2025
230,Kombucha Drink,Food - Beverages,Female,33476,142670,4273,3.41,15,38,12/01/2025
231,Cocktail Shaker Set,Kitchen,Male,39120,12745,69827,2.08,1,22,21/08/2025
232,Indoor Plants,Garden,Female,49746,197186,16087,3.76,1,34,21/10/2025
233,Vacuum Sealer Machine,Kitchen,Female,11106,115399,19294,2.65,19,11,21/11/2024
234,Quinoa and Kale Salad Kit,Food - Salads,Female,35990,172073,14712,3.63,9,31,14/05/2025
235,Water Bottle,Fitness,Female,17894,34105,97683,3.36,8,50,26/05/2025
236,Sports Windbreaker,Clothing - Outerwear,Male,7793,173312,30289,4.96,6,21,06/08/2025
237,Multi-Functional Rice Cooker,Kitchen,Female,21246,72907,91859,3.7,9,34,11/08/2025
238,Portable UV Sterilizer,Health,Female,14433,32683,17140,4.04,6,26,16/08/2025
239,Maple Almond Yogurt,Food - Dairy,Female,46304,19400,44511,2.94,2,20,03/01/2025
240,Kid's Fruit Snacks,Food - Snacks,Female,47356,191015,14326,3.79,5,10,25/02/2025
241,Kitchen Knife Sharpening System,Kitchen,Male,33728,16898,96043,3.34,12,32,21/12/2024
242,Spinach and Feta Wraps,Food - Prepared Foods,Male,33316,169934,78274,2.5,15,5,15/09/2025
243,Honey Glazed Carrots,Food - Produce,Male,1775,48099,34852,3.49,3,23,29/05/2025
244,Apple Cinnamon Granola,Food - Breakfast,Female,658,131212,53459,3.84,4,45,08/12/2024
245,Kale & Quinoa Salad Mix,Food - Salads,Male,20201,29274,79610,3.97,5,41,22/02/2025
246,Professional Chef Knife,Kitchen,Male,8242,194085,68791,4.33,4,17,23/04/2025
247,Men's Waterproof Hiking Boots,Footwear,Male,15992,60069,39070,2.93,4,22,28/10/2025
248,Chocolate Hazelnut Spread,Food - Spreads,Male,14158,164286,76707,4.3,4,41,25/06/2025
249,Baked Potato Chips,Food - Snacks,Male,33092,4858,72452,3.66,2,20,18/05/2025
250,Honey Mustard Chicken Breasts,Food - Meat,Male,5693,169467,54632,2.8,3,43,18/08/2025
251,Eco-Friendly Cleaning Cloths,Home,Female,3909,68703,13991,3.8,4,24,27/09/2025
252,Low-Fat Cottage Cheese,Food - Dairy,Male,34607,166584,69234,3.08,8,16,23/06/2025
253,Coconut Almond Granola,Food - Breakfast,Female,20278,178905,33296,2.94,10,14,16/03/2025
254,Satin Slip Dress,Clothing - Dresses,Male,37316,127316,63609,4.14,6,27,27/10/2025
255,Frozen Salmon Filets,Food - Seafood,Female,33483,116760,21949,2.92,9,50,10/03/2025
256,Honey Sesame Cashews,Food - Snacks,Female,18307,17978,10522,4.87,7,31,17/05/2025
257,Sustainable Wooden Toys,Toys,Male,49367,17021,4626,4.89,16,37,01/07/2025
258,Homestyle Chicken Noodle Soup,Food - Canned Goods,Male,2090,148489,75579,2.06,5,36,18/10/2025
259,Chunky Knit Sweater,Clothing - Tops,Female,35570,164515,78729,3.5,20,8,26/01/2025
260,Bamboo Cutting Board,Kitchen,Male,20998,55902,86246,3.21,11,38,26/12/2024
261,Honey mustard chicken tenders,Food - Meat,Male,44169,100901,54005,3.47,15,23,10/12/2024
262,Spicy Kimchi,Food - Condiments,Female,15734,195020,62921,4.26,15,36,31/08/2025
263,Kids' Art Easel,Toys,Male,45146,22693,16801,3.45,13,4,21/12/2024
264,Fruit and Nut Energy Bites,Food - Snacks,Female,6161,22705,63093,4.28,8,12,13/06/2025
265,Canned Coconut Milk,Food - Canned Goods,Female,27997,154444,45125,3.89,18,14,09/11/2024
266,Toilet Paper (12 rolls),Food - Household,Male,47559,98930,87505,4.14,15,45,08/07/2025
267,Fettuccine Alfredo Dinner Kit,Food - Prepared Meals,Female,13521,196563,63247,4.31,12,37,28/03/2025
268,Honeycrisp Apple Chips,Food - Snacks,Male,48491,87556,20910,3.08,5,6,04/06/2025
269,Lentil Pasta,Food - Pasta,Male,21338,74274,41535,4.44,6,28,25/11/2024
270,Curried Lentil Salad,Food - Salads,Female,35872,18208,60314,3.96,6,1,23/07/2025
271,Kids' Outdoor Explorer Kit,Toys,Male,2347,179935,85158,2.98,13,43,31/01/2025
272,Beef Taco Skillet,Food - Meal Kits,Male,11305,17616,74285,4.4,10,27,18/06/2025
273,Electric Razor,Health,Female,280,74432,29907,2.05,11,25,06/12/2024
274,Canned Sardines,Food - Seafood,Female,31773,83709,76799,4.82,1,30,04/03/2025
275,Glass Food Containers,Kitchen,Female,13087,171182,33337,3.62,20,15,09/05/2025
276,Essential Oils Diffuser Necklace,Health,Male,91,151014,8900,3.81,14,28,04/03/2025
277,Ribbed Knit Dress,Clothing - Dresses,Female,1599,196055,13022,4.96,13,6,23/08/2025
278,Patterned Knit Scarf,Clothing - Accessories,Male,26601,103818,84751,2.5,10,42,23/06/2025
279,Roasted Garlic Pasta Sauce,Food - Sauces,Male,31338,141302,53407,2.63,19,16,03/05/2025
280,Olive Oil,Food - Condiments,Female,2254,78108,81961,4.54,14,8,17/10/2025
281,Pet Grooming Gloves,Pets,Female,18886,126045,45084,4.81,1,36,24/09/2025
282,High-Speed Blender,Kitchen,Female,48178,140040,75031,2.13,15,32,30/08/2025
283,Vegetable Fried Rice,Food - Frozen Foods,Male,36294,136087,51135,2.62,5,3,17/07/2025
284,Coffee Capsule Dispenser,Kitchen,Female,2696,55943,73021,4.94,19,22,20/09/2025
285,Poppy Seed Dressing,Food - Condiments,Female,5954,15646,4981,3.83,1,4,03/07/2025
286,Avocado Oil Mayo,Food - Condiments,Female,5711,39112,28180,4.42,17,1,16/07/2025
287,Raspberry Limeade,Food - Beverages,Male,22837,11350,95537,4.15,7,38,25/03/2025
288,Handcrafted Wooden Coasters,Home,Female,2410,162803,99919,4.01,15,44,16/02/2025
289,Tuna Fish (canned),Food - Canned Goods,Female,49287,116906,49449,3.86,15,37,12/06/2025
290,Pumpkin Spice Coffee,Food - Beverages,Male,35134,31208,16578,2.75,4,13,03/01/2025
291,Andouille Sausage,Food - Meat,Male,26871,170471,13997,3.72,19,36,29/01/2025
292,Chili Con Carne Mix,Food - Spices & Seasonings,Male,23280,91848,24869,3.13,5,50,14/12/2024
293,LED Flashing Pet Collar,Pets,Male,26368,16432,95332,4.46,11,4,07/06/2025
294,Granola,Food - Breakfast,Female,12857,46128,79155,4.95,17,13,18/07/2025
295,Beef Enchilada Casserole,Food - Prepared Meals,Female,33608,99869,69845,3.66,19,46,14/08/2025
296,Eco-Friendly Cleaning Cloths,Home,Male,18234,24279,29208,2.88,7,33,21/12/2024
297,Biodegradable Dog Waste Bags,Pets,Male,6433,122114,8894,4.66,12,16,03/12/2024
298,Linen Trousers,Clothing - Bottoms,Female,30398,158410,74631,4.15,16,15,21/09/2025
299,High-Quality Yoga Mat,Fitness,Male,31251,145532,92617,2.66,2,15,01/01/2025
300,Sliced Bell Peppers,Food - Fresh Produce,Male,39638,165616,34244,3.78,20,28,01/08/2025
301,Kids' Trampoline,Toys,Male,32591,16710,80831,4.94,17,12,09/08/2025
302,Classic Slim Fit Shirt,Clothing - Shirts,Female,4005,9739,21036,2.17,6,27,31/07/2025
303,Garam Masala Spice Blend,Food - Spices,Female,10979,102372,59311,3.88,10,25,01/09/2025
304,Inspirational Wall Art,Home,Male,42673,74696,73847,4.41,12,34,25/05/2025
305,Pumpkin Spice Granola,Food - Breakfast,Female,17569,172675,48483,2.69,4,38,19/07/2025
306,Smoked Gouda Cheese,Food - Dairy,Male,41551,79478,32566,2.41,15,46,29/01/2025
307,Collapsible Camping Cup,Outdoor,Female,49431,197867,95707,2.38,12,29,13/12/2024
308,Vegetable Fried Rice,Food - Frozen Foods,Male,47776,159244,12606,4.55,3,31,25/08/2025
309,Lemon Basil Pasta Sauce,Food - Sauces,Female,43887,141860,5977,4.19,12,18,29/08/2025
310,Honey Almond Granola Bars,Food - Snacks,Female,40920,92972,95542,4.59,4,9,30/09/2025
311,Sweet Corn Fritters,Food - Frozen,Male,27675,94365,79519,4.3,3,30,15/04/2025
312,Chicken Fajita Kit,Food - Prepared Foods,Male,37679,188773,93444,3.89,9,9,19/08/2025
313,Winter Insulated Jacket,Clothing,Male,19843,160286,1210,2.35,17,33,12/03/2025
314,Plant-Based Cookbook,Books,Female,16687,17417,63213,3.24,8,29,02/04/2025
315,Ricotta Cheese,Food - Dairy,Male,9781,6282,93925,2.72,4,47,16/10/2025
316,Frozen Chicken Nuggets,Food - Frozen Foods,Male,45923,62705,42202,2.08,5,13,28/06/2025
317,Sesame Garlic Noodles,Food - Pasta,Female,17181,160869,44230,4.07,18,24,02/01/2025
318,Cranberry Almond Biscotti,Food - Bakery,Female,33097,182953,37587,2.43,11,49,13/10/2025
319,Smoked Salmon,Food - Seafood,Female,40450,52742,28928,3.42,2,15,25/07/2025
320,Lemon Garlic Marinade,Food - Condiments,Male,30144,123036,8079,3.89,18,35,12/04/2025
321,Organic Quinoa Salad,Food - Prepared Meals,Male,31302,155062,71496,3.84,9,18,02/09/2025
322,Two-Tier Fruit Basket,Home,Female,18251,108689,24066,4.82,8,6,07/03/2025
323,Organic Fruit Salad,Food - Produce,Male,37170,103620,43959,3.4,10,29,16/10/2025
324,Vegan chocolate chip cookies,Food - Bakery,Male,32007,48024,25045,4.26,15,50,06/06/2025
325,Spinach and Feta Stuffed Chicken Breast,Food - Meat,Female,44633,175191,90542,4.45,7,1,22/04/2025
326,Collapsible Camping Cup,Outdoor,Male,44012,56684,99143,4.14,6,26,12/10/2025
327,Fashionable Belt Bag,Accessories,Male,18003,133538,34344,4.15,15,29,01/09/2025
328,DIY Lip Balm Kit,Crafts,Male,25537,23453,57012,3.19,16,27,15/10/2025
329,Customizable Name Puzzle,Toys,Male,47114,10439,2197,3.09,19,31,06/08/2025
330,Kitchen Scale,Kitchen,Male,31384,16327,76172,4.8,3,26,01/08/2025
331,Quinoa and Kale Salad Kit,Food - Salads,Female,13290,113618,10849,3.67,18,24,16/11/2024
332,Tortilla Chips,Food - Snacks,Male,11760,101776,66675,3.16,12,35,02/05/2025
333,Dog Walking Waist Pack,Pets,Male,32052,59362,43606,2.45,1,36,24/09/2025
334,Oven-Baked Potato Chips,Food - Snacks,Male,13620,49690,43429,4.94,18,49,01/12/2024
335,Apple Cinnamon Granola,Food - Breakfast,Male,37260,96719,77193,4.27,13,42,22/06/2025
336,LED Flashlight,Outdoor,Female,33329,184713,13131,4.57,2,39,23/06/2025
337,Self-Watering Planters,Garden,Male,22214,15301,66875,4.35,15,19,17/05/2025
338,Cable Knit Cardigan,Clothing - Outerwear,Female,7860,47821,67796,3.51,8,26,02/06/2025
339,Balsamic Glazed Brussels Sprouts,Food - Vegetables,Female,29388,188527,50420,4.21,15,11,12/04/2025
340,Wireless Mouse,Electronics,Male,10730,60452,8906,3.37,13,45,10/09/2025
341,Spicy BBQ Sauce,Food - Condiments,Male,40204,21892,42055,4.09,9,24,06/04/2025
342,Stainless Steel BBQ Grill Set,Outdoor,Male,11910,196168,8925,2.05,19,42,26/04/2025
343,Cranberry Orange Oatmeal,Food - Breakfast,Female,34194,116080,23761,3.57,15,15,23/02/2025
344,Avocado Oil Mayo,Food - Condiments,Male,42827,81027,25715,4.02,3,10,01/11/2025
345,Organic Lentil Soup,Food - Soups,Male,1825,65935,98539,2.64,6,30,13/07/2025
346,Microfiber Cleaning Cloths,Home,Female,45866,68366,13377,4.28,6,23,13/11/2024
347,Plant Watering Spikes,Garden,Female,20620,117784,79694,4.83,9,1,05/09/2025
348,Vegetable Stir-Fry Sauce,Food - Sauces,Male,26673,161815,36771,3.56,2,12,06/01/2025
349,Chocolate Dipped Fruit,Food - Snacks,Female,14701,26400,94046,2.24,17,25,10/08/2025
350,Underwater Camera,Photography,Female,31637,181719,74326,3.24,10,3,05/12/2024
351,Decorative Throw Pillows,Home,Male,32349,16677,28966,3.72,18,27,26/06/2025
352,Black Bean & Corn Salad,Food - Salads,Male,2583,169677,59781,2.11,8,20,10/04/2025
353,Truffle Parmesan Fries,Food - Snacks,Male,12008,16869,66074,2.05,9,35,06/02/2025
354,Portable Solar Path Lights,Outdoor,Female,2469,116897,9272,3.48,12,39,01/08/2025
355,Spicy Roasted Nuts,Food - Snacks,Female,12187,175456,46312,2.69,13,22,08/03/2025
356,Yoga Mat,Fitness,Male,14023,46794,46760,4.06,2,49,26/11/2024
357,Repair Tool Set for Home Improvement,Tools,Male,36190,119692,45000,2.55,12,3,10/06/2025
358,Sea Salt Caramel Popcorn,Food - Snacks,Female,48096,171264,54356,3.38,11,26,29/10/2025
359,Herb Garlic Butter,Food - Condiments,Female,20817,17831,23470,2.45,11,26,31/01/2025
360,Reversible Comforter Set,Home,Male,8202,20878,54342,3.31,15,44,11/10/2025
361,Rice Pudding,Food - Desserts,Male,7276,195760,84597,4.15,5,39,07/09/2025
362,Wireless HDMI Transmitter,Electronics,Female,15684,188973,29331,3.58,8,39,05/07/2025
363,Memory Card,Storage,Female,15859,128349,58045,4.06,15,5,20/10/2025
364,Honey Roasted Peanuts,Food - Snacks,Male,23744,13781,89656,2.41,5,44,13/06/2025
365,Portable Bluetooth Headphones,Audio,Female,38188,88539,51269,3.79,17,27,19/10/2025
366,Pumpkin Spice Cookies,Food - Bakery,Female,10420,54355,56570,2.53,20,36,21/05/2025
367,Whole Chicken,Food - Meat,Male,14966,41868,30980,3.77,19,24,20/06/2025
368,Stainless Steel Cutlery Set,Kitchen,Female,12389,84130,67228,4.33,15,19,23/05/2025
369,Chilli Lime Corn on the Cob,Food - Vegetable,Male,31383,134266,62019,3.12,17,33,03/12/2024
370,Honey Lemon Tea,Food - Beverages,Female,40770,167231,47037,2.32,8,41,02/08/2025
371,Pita Bread,Food - Bakery,Female,38547,149169,76555,3.97,6,14,06/08/2025
372,Raspberry Tart,Food - Baked Goods,Male,630,63713,7637,2.26,10,12,07/01/2025
373,Smart Water Bottle,Fitness,Female,28131,99105,89704,4.7,18,36,27/02/2025
374,Marinara Parmesan Baked Ziti,Food - Frozen Meals,Male,18680,132072,26535,2.3,6,21,30/03/2025
375,Printed Maxi Skirt,Clothing - Skirts,Female,29510,24389,29866,3.45,19,10,27/01/2025
376,Herb Garlic Butter,Food - Condiments,Female,18971,7359,30727,2.79,12,29,24/11/2024
377,Puffer Winter Coat,Clothing - Outerwear,Female,14678,162451,68734,2.11,9,9,12/02/2025
378,Elegant Maxi Skirt,Clothing - Bottoms,Female,26148,55067,63478,3.43,4,8,17/08/2025
379,Kitchen Scale,Kitchen,Male,4769,133798,55986,4.5,2,28,28/11/2024
380,Lentil Vegetable Stew,Food - Canned Soups,Male,15889,108671,79385,2.73,13,28,03/05/2025
381,Vegetable Lasagna,Food - Frozen Foods,Female,49592,14833,59789,4.35,2,38,23/08/2025
382,Cranberry Orange Oatmeal,Food - Breakfast,Male,11899,118089,69558,2.46,1,41,20/09/2025
383,Cinnamon Sugar Tortilla Chips,Food - Snacks,Female,18367,163959,51731,4.09,5,11,24/10/2025
384,Organic Honeycrisp Apples,Food - Fruits,Female,30129,84822,7457,3.94,19,38,12/08/2025
385,Organic Baby Carrots,Food - Fresh Produce,Male,33507,57800,25633,3.17,5,46,26/02/2025
386,Protein Powder,Fitness,Male,1438,195848,42172,3.38,15,31,21/01/2025
387,Peach & Mango Salsa,Food - Snacks,Male,16939,191662,79874,4.72,5,13,25/04/2025
388,Luxe Velvet Blazer,Clothing - Outerwear,Male,36655,46137,85223,3.41,1,45,25/01/2025
389,Handmade Soap Making Kit,Crafts,Male,2602,40879,19675,3.34,8,50,30/06/2025
390,Honey Sesame Chicken,Food - Frozen Food,Female,46604,143883,31376,2.07,5,38,28/08/2025
391,Coconut Curry Sauce,Food - Sauces,Female,13556,91205,80214,3.87,7,49,13/09/2025
392,Organic Spinach,Food - Produce,Female,49997,78115,15002,2.66,20,8,16/03/2025
393,Banana Chips,Food - Snacks,Male,48824,159746,84456,3.79,18,12,14/08/2025
394,Rechargeable Electric Toothbrush,Health,Male,14707,113672,61094,3.62,19,45,15/11/2024
395,Dried Cranberries,Food - Snacks,Female,19690,51473,56819,2.65,13,7,20/11/2024
396,Yoga Mat Carrier,Fitness,Male,10765,195080,19745,4.8,1,16,02/11/2025
397,Greek Feta Cheese,Food - Dairy,Male,44790,150191,18600,3.97,1,37,11/08/2025
398,Foldable Electric Scooter,Outdoor,Female,1746,118937,42168,2.27,16,2,30/08/2025
399,Skincare Set,Beauty,Female,29912,97666,90151,3.48,7,18,30/03/2025
400,Whole Chicken,Food - Meat,Female,5142,73948,21844,2.3,14,24,23/06/2025
401,Avocado Oil,Food - Oils,Male,25398,189315,31910,2.32,17,32,04/09/2025
402,Lockable Bicycle Chain,Outdoor,Male,36199,149090,19396,2.73,18,4,30/11/2024
403,Portable Air Pump,Outdoor,Female,13042,111211,72594,2.16,5,29,06/02/2025
404,Relaxed Fit Henley Shirt,Clothing - Tops,Male,24501,137175,32294,3.46,17,49,01/12/2024
405,Pet Travel Backpack Carrier,Pets,Female,43173,158973,69498,2.21,7,1,19/08/2025
406,Dog Waste Bag Dispenser,Pets,Male,11212,130633,32580,4.61,8,16,04/10/2025
407,Bodyweight Resistance Bands,Fitness,Female,49097,16953,42642,3.41,1,15,24/10/2025
408,Non-Stick Crepe Pan,Kitchen,Male,45160,152390,80277,3.87,3,46,05/04/2025
409,Spicy Snack Mix,Food - Snacks,Male,19746,149998,11609,2.09,13,7,06/09/2025
410,Cauliflower Rice Stir-Fry,Food - Frozen Foods,Female,27792,50705,27708,3.76,2,27,28/05/2025
411,Caribbean Jerk Marinade,Food - Marinades,Male,28909,80424,15285,4.54,14,44,03/04/2025
412,Organic Tomato Soup,Food - Canned Goods,Male,39213,44076,83426,2.16,2,3,25/12/2024
413,Basil Lemonade,Food - Beverages,Male,39085,176575,35252,4.97,11,18,30/01/2025
414,Hummus Trio Pack,Food - Snacks,Female,17966,170218,35947,3.71,20,5,22/04/2025
415,Pet Hair Removal Roller,Pets,Male,2823,30309,28383,2.58,1,13,17/01/2025
416,Pet Grooming Scissors,Pets,Female,9897,6471,90862,2.77,5,21,05/09/2025
417,Sunglasses Case,Accessories,Male,10042,64105,73884,4.28,7,19,18/06/2025
418,Electric Can Opener,Kitchen,Female,27485,16434,99075,2.21,8,23,25/06/2025
419,Fitness Jump Rope with LCD Counter,Fitness,Female,15122,20394,52120,4.83,15,45,19/07/2025
420,Vegetable Lasagna,Food - Frozen Foods,Male,22340,163693,49472,3.07,13,17,14/11/2024
421,Kitchen Scale,Kitchen,Male,40196,77464,24426,2.79,12,3,11/02/2025
422,Fresh Basil Pesto,Food - Sauces,Male,38159,112686,63580,3.01,13,20,08/04/2025
423,Apple Cinnamon Granola,Food - Breakfast,Female,30134,92370,3040,4.66,13,19,12/03/2025
424,Glass Food Containers,Kitchen,Female,26930,29349,28664,2.62,13,22,06/10/2025
425,Comfort Flats,Clothing - Shoes,Female,43662,123708,74794,3.23,3,10,13/08/2025
426,Motion Sensor Light,Home,Female,28915,180583,58887,3.36,11,13,27/11/2024
427,Chickpeas,Food - Canned Goods,Male,3985,178171,59865,4.98,5,45,13/04/2025
428,Savory Oatmeal,Food - Breakfast,Female,42749,195694,45397,4.24,7,32,26/09/2025
429,Caraway Rye Bread,Food - Bakery,Male,40048,98631,45202,3.28,5,32,05/06/2025
430,Pork Chops,Food - Meat,Female,47800,119849,46183,2.09,20,7,22/10/2025
431,Smartphone Stand,Accessories,Male,29290,151101,83371,2.68,18,22,26/05/2025
432,Zucchini Noodle Pasta,Food - Vegetables,Male,44098,122465,67497,3.69,15,14,18/04/2025
433,Rice Cakes,Food - Snacks,Female,14936,184133,86391,4.29,4,46,29/01/2025
434,Pistachio Ice Cream,Food - Frozen Desserts,Female,37342,156798,70398,4.58,16,28,08/07/2025
435,Coconut Curry Lentils,Food - Canned Goods,Male,29091,134524,37727,3.85,16,12,03/04/2025
436,Pet Nail Clipper,Pets,Male,44906,140896,35118,2.66,19,22,04/10/2025
437,Organic Sweet Potatoes,Food - Produce,Female,39879,86359,92114,2.62,20,48,28/12/2024
438,Teriyaki Tofu Stir-Fry,Food - Prepared Meals,Male,42318,35105,42502,3.79,10,8,18/03/2025
439,Classic White T-Shirt,Clothing - Tops,Male,24851,129114,33002,4.39,12,5,30/07/2025
440,Cheesy Cauliflower Bake,Food - Frozen Vegetables,Female,22660,51497,78741,3.58,11,5,29/06/2025
441,Woven Storage Baskets,Home,Female,26074,157782,91579,4.94,1,15,17/05/2025
442,Orange Ginger Vinaigrette,Food - Condiments,Male,11079,81753,99566,3.83,5,34,05/06/2025
443,Pumpkin Waffles,Food - Breakfast,Male,42279,31066,4178,2.67,2,36,22/04/2025
444,Bamboo Cutting Board Set,Kitchen,Male,47162,171513,12914,3.6,15,23,08/12/2024
445,Inflatable Pool Float,Outdoor,Female,49411,131066,42954,2.54,15,2,20/03/2025
446,Customizable Name Puzzle,Toys,Male,44684,46090,89238,2.41,12,48,13/09/2025
447,Rechargeable Laptop Battery Pack,Electronics,Male,35290,132692,33284,3.07,20,32,09/01/2025
448,Organic Coconut Yogurt,Food - Dairy,Female,42568,1461,81761,4.97,15,7,04/05/2025
449,Pumpkin Spice Cookies,Food - Bakery,Male,27075,67997,79719,4.98,15,42,29/09/2025
450,Water-Resistant Bluetooth Speaker,Audio,Female,16926,196365,65866,2.7,4,2,28/06/2025
451,Cocktail Shaker and Mixing Glass Set,Kitchen,Male,49542,167544,38412,3.77,16,4,15/06/2025
452,Multifunctional Baby Bottle Warmer,Baby,Male,46174,118127,45605,2.28,1,2,02/11/2025
453,Peach Slices (canned),Food - Canned Goods,Female,6739,79647,24830,3.14,5,22,12/02/2025
454,Natural Fruit Snacks,Food - Snacks,Female,12416,135850,90419,2.39,3,44,21/10/2025
455,Pet Training Clicker,Pets,Female,45169,26270,11662,2.67,13,24,12/03/2025
456,Teriyaki Tofu Stir-Fry,Food - Prepared Meals,Male,5948,65431,51835,4.84,4,10,04/05/2025
457,Sea Salt Caramel Popcorn,Food - Snacks,Male,10454,68388,83295,3.01,9,39,06/02/2025
458,Kids' Activity Book,Books,Female,4046,37486,71985,2.02,13,8,01/11/2025
459,Frozen Acai Bowl,Food - Frozen Foods,Male,26236,183609,93142,4.46,15,33,04/03/2025
460,Ranch Dressing,Food - Condiments,Male,24500,51245,14792,3.71,8,3,04/01/2025
461,Shatterproof Wine Glasses,Outdoor,Female,38600,123716,38343,4.5,2,43,14/12/2024
462,Home Office Chair,Furniture,Female,15083,151441,80407,2.93,13,12,23/10/2025
463,Fitness Activity Journal,Fitness,Male,22602,146767,27117,4.98,4,5,06/03/2025
464,Coconut Yogurt,Food - Dairy Alternatives,Male,35290,142856,67958,2.27,9,42,27/03/2025
465,Sweet Chili Dipping Sauce,Food - Condiments,Male,39733,146751,40992,2.68,3,35,16/07/2025
466,Italian Marinara Sauce,Food - Sauces,Female,42911,19847,36660,4.98,18,46,28/10/2025
467,Zucchini Noodles,Food - Vegetables,Male,47849,157035,67755,4.9,1,11,03/01/2025
468,Chocolate Hazelnut Spread,Food - Spreads,Male,35097,81853,53220,3.97,14,32,25/11/2024
469,Crispy Chickpeas,Food - Snacks,Female,34908,122685,77374,2.61,18,16,27/04/2025
470,Portable Speaker Stand,Audio,Female,7141,14899,73980,4.57,4,12,21/03/2025
471,Sliced Ham,Food - Meat,Female,30703,48135,6930,3.12,12,50,26/08/2025
472,Smartphone Tripod,Photography,Female,15750,12976,83838,4.78,14,22,26/05/2025
473,Gardening Gloves with Claws,Garden,Female,12122,135032,41682,3.88,16,45,19/01/2025
474,Kids Tablet,Electronics,Male,12971,178821,39663,2.04,2,17,19/03/2025
475,Mashed Sweet Potatoes,Food - Sides,Female,7765,191926,81990,4.97,12,8,13/09/2025
476,Digital Food Thermometer,Kitchen,Male,6478,31129,32497,2.04,13,37,08/10/2025
477,Steak Seasoning Rub,Food - Spices,Female,10990,50310,8922,4.21,14,5,14/10/2025
478,Compact Umbrella,Accessories,Male,11845,115533,19698,3.5,8,19,27/10/2025
479,Italian Herb Balsamic Marinade,Food - Condiments,Male,3077,150554,33907,2.01,9,30,12/12/2024
480,Key Finder,Accessories,Female,35560,163771,72672,3.31,20,14,27/01/2025
481,Banana Nut Muffins,Food - Bakery,Female,36181,164962,62321,2.34,12,42,07/08/2025
482,Granulated Sugar,Food - Baking,Female,26101,111411,13766,4.77,19,20,11/08/2025
483,Vegetarian Chili,Food - Canned Goods,Female,27769,79977,34196,3.36,1,29,16/03/2025
484,Butternut Squash Ravioli,Food - Frozen Foods,Female,34013,146437,534,3.21,17,5,14/06/2025
485,Drone,Electronics,Female,12575,43131,25425,2.34,2,9,28/01/2025
486,Cocktail Shaker Set,Kitchen,Male,33051,72213,776,3.64,17,5,18/06/2025
487,Eco-Friendly Notepad,Office,Male,24222,181700,22005,2.05,19,30,28/08/2025
488,Tomatillo Salsa,Food - Condiments,Female,16323,119307,62768,3.97,6,43,31/10/2025
489,Spicy Tuna Rolls,Food - Seafood,Female,43719,152952,11835,3.59,13,28,05/04/2025
490,Pet Caress Brush,Pets,Male,16231,73804,30538,3.25,4,32,15/03/2025
491,Adjustable Laptop Stand,Office,Female,302,183564,45081,3.53,6,26,20/10/2025
492,Cushion Covers,Home,Male,35756,7402,255,3.13,20,48,12/09/2025
493,Coconut Curry Lentils,Food - Canned Goods,Female,26075,67985,33768,3.04,2,27,09/01/2025
494,Kale Salad Kit,Food - Salads,Male,25422,96471,40602,2.71,13,4,24/10/2025
495,Savory Mushroom Risotto,Food - Gourmet Rice,Female,46013,11888,78800,4.04,13,35,07/09/2025
496,Skincare Set,Beauty,Male,19542,186279,4696,3.27,7,12,13/11/2024
497,Organic Fruit Salad,Food - Produce,Female,28182,85023,79078,3.81,20,21,17/01/2025
498,Adjustable Yoga Mat Strap,Fitness,Female,30397,21960,28215,4.8,8,45,06/05/2025
499,Wireless Range Extender,Electronics,Male,9366,47790,78377,3,20,40,27/11/2024
500,Miso Soup Mix,Food - Soups,Female,26505,198705,68263,2.11,10,38,07/02/2025
501,Spicy Thai Noodles,Food - Frozen Meals,Female,19510,95729,84913,4.17,8,7,27/06/2025
502,Belted Trench Coat,Clothing - Outerwear,Male,48516,55614,28644,4.73,7,31,26/08/2025
503,Car Diagnostic Scanner,Automotive,Female,22908,10388,19691,3.79,9,15,03/02/2025
504,Honey Almond Granola Bars,Food - Snacks,Female,19008,157693,4020,3.59,7,30,07/06/2025
505,Smart Home Security Camera,Smart Home,Male,29941,16179,95122,3.83,8,3,20/05/2025
506,Vegetable Chips,Food - Snacks,Male,22566,21021,64117,3.58,18,25,07/05/2025
507,Caribbean Jerk Marinade,Food - Marinades,Male,35767,139671,69492,3.76,4,31,16/02/2025
508,Sun Protection Clothing,Clothing,Female,28624,14210,392,3.79,2,47,25/10/2025
509,Desk Lamp with USB Port,Office,Female,2682,99343,13278,3.13,9,26,13/03/2025
510,Incense Holder,Home,Male,7215,114979,47037,2.52,5,9,29/09/2025
511,Caraway Rye Bread,Food - Bakery,Male,30706,110458,62451,2.95,8,38,24/02/2025
512,Pest Control Traps,Home,Female,12311,118167,27186,3.73,6,3,13/06/2025
513,Colorful Post-It Notes Set,Office,Male,20322,98435,29481,3.3,20,1,18/04/2025
514,Graphic Sweatshirt,Clothing - Tops,Male,33622,175842,59686,2.22,10,26,02/09/2025
515,DIY Lip Balm Kit,Crafts,Female,31868,13475,17783,4.27,3,25,26/03/2025
516,Vegetable Medley,Food - Produce,Female,16317,180101,98617,4.41,13,6,13/07/2025
517,Portable Camping Shower,Outdoor,Male,22173,38272,54762,2.04,12,39,06/05/2025
518,Compact Portable Grill,Outdoor,Male,39884,192428,6947,4.18,3,31,19/03/2025
519,Pork Chops,Food - Meat,Male,41442,120559,38152,4.7,18,25,10/12/2024
520,Children's Backpack,Accessories,Male,33246,73032,74969,4.24,13,49,08/07/2025
521,Face Mask Set,Health,Female,39530,49007,7328,3.8,19,44,15/03/2025
522,Pet Grooming Kit,Pets,Male,39003,167494,5625,2.2,12,19,09/08/2025
523,Frozen Mixed Vegetables,Food - Frozen,Female,12369,154360,50323,2.79,13,4,24/01/2025
524,Digital Food Scale,Kitchen,Female,32505,136980,86606,4.18,3,39,23/07/2025
525,Compost Bin,Garden,Male,34706,56216,9053,2.81,5,18,16/09/2025
526,Scented Soy Candles,Home,Female,38053,2215,84413,3.99,19,41,27/08/2025
527,Italian Breadsticks,Food - Bakery,Male,7683,52246,32611,4.44,9,31,13/06/2025
528,Noise-Canceling Earbuds,Audio,Male,20348,195701,44999,3.56,7,15,16/11/2024
529,V-Neck Sweater,Clothing - Tops,Male,17882,128418,22225,3.14,4,47,27/09/2025
530,Carrot and Celery Sticks,Food - Produce,Female,21377,80484,2246,4.35,19,40,29/08/2025
531,Classic Cheesecake Mix,Food - Desserts,Female,4058,126179,8738,4.71,7,11,22/04/2025
532,Fitness Tracker Watch,Wearable Tech,Male,49909,145470,39222,2.53,15,18,14/10/2025
533,Baked Potato Chips,Food - Snacks,Male,24570,174021,14900,3.47,16,17,07/06/2025
534,Self-Cleaning Cat Litter Box,Pets,Female,33770,111033,98971,3.96,5,2,26/12/2024
535,Cotton Pajama Set,Clothing - Loungewear,Female,13422,50719,88129,4.3,4,37,31/05/2025
536,Avocado Lime Dressing,Food - Condiments,Male,11023,41764,38184,2.52,7,31,18/09/2025
537,Asian Noodle Salad Kit,Food - Salads,Female,23928,124669,23635,4.05,4,8,19/05/2025
538,Pineapple Rings,Food - Canned Goods,Female,25429,95072,58614,3.17,4,23,18/05/2025
539,Smart Light Switch,Smart Home,Female,14364,45186,41138,2.52,18,5,13/11/2024
540,Smart Scale,Health,Female,49617,172576,44785,3.33,17,48,02/10/2025
541,Chia Seed Pudding,Food - Snacks,Female,8325,109492,85360,3.63,19,49,12/10/2025
542,Zesty Cilantro Lime Dressing,Food - Condiments,Male,14768,141508,38513,4.87,2,46,02/08/2025
543,Samsung Galaxy Smartwatch,Wearable Tech,Male,39729,170559,42357,2.85,3,3,10/07/2025
544,Sports Windbreaker,Clothing - Outerwear,Male,4739,109736,98448,2.09,9,50,27/03/2025
545,Savory Oats,Food - Breakfast,Female,16720,6087,93217,2.63,10,34,09/02/2025
546,Electric Screwdriver,Tools,Female,615,169182,98430,2.06,1,46,03/07/2025
547,Organic Coconut Oil,Food - Oils,Male,13134,190716,73670,3.06,19,37,28/05/2025
548,Handmade Leather Journal,Books,Female,25427,42533,83351,2.95,4,42,01/08/2025
549,Smoked Paprika,Food - Spices,Male,20767,75952,22463,4.59,5,15,15/03/2025
550,Wildflower Honey,Food - Condiments,Female,1214,115126,67243,3.15,7,17,14/07/2025
551,Garlic Parmesan Wings,Food - Frozen Foods,Male,18564,2954,96730,3.38,13,29,11/12/2024
552,Vegan Tacos,Food - Frozen Foods,Male,1806,10485,33926,4.67,3,37,19/03/2025
553,Electric Opener for Jars and Bottles,Kitchen,Female,33259,156549,31891,3.79,17,15,26/09/2025
554,Digital Camera,Electronics,Female,25287,30585,5992,3.69,2,45,10/11/2024
555,Italian Sausage and Peppers,Food - Meat,Female,39056,189786,48469,4.15,15,43,13/12/2024
556,Microfiber Cleaning Cloths,Home,Male,20124,124169,89101,4.63,7,26,08/09/2025
557,Spicy Hummus,Food - Deli,Male,37488,137731,96843,2.54,16,26,06/01/2025
558,Organic Brown Rice Cakes,Food - Snacks,Male,33400,30422,56064,2.28,11,33,05/09/2025
559,Multi-Function Smartphone Holder,Electronics,Male,7549,11874,31663,3.97,12,21,13/08/2025
560,Electric Opener for Jars and Bottles,Kitchen,Female,24378,86659,62919,4.9,18,42,31/05/2025
561,Dark Chocolate Raisins,Food - Snacks,Female,14271,124629,86933,2.75,12,8,17/07/2025
562,Stainless Steel BBQ Grill Set,Outdoor,Female,29969,59535,49429,2.55,9,11,05/04/2025
563,Wine Glasses,Home,Male,41207,18941,37029,4.16,2,17,21/04/2025
564,Comfortable Bed Pillow,Home,Female,22829,181696,94739,3.3,19,37,03/07/2025
565,Dark Chocolate Raisins,Food - Snacks,Female,45034,134932,37925,2.37,1,19,10/03/2025
566,Garam Masala Spice Blend,Food - Spices,Male,33713,12405,61755,4.91,11,3,10/09/2025
567,Vintage Graphic Tee,Clothing - Tops,Male,10223,163413,39946,4.69,20,33,01/11/2025
568,Travel Eye Mask with Ear Plugs,Travel,Male,44548,23086,22024,2.36,20,43,19/05/2025
569,Baked Mac and Cheese,Food - Frozen Foods,Male,36302,640,58025,3.01,20,23,28/10/2025
570,Yoga Blocks,Fitness,Male,44420,16864,83416,3.48,13,6,09/06/2025
571,Classic Vanilla Fudge,Food - Desserts,Female,6007,154015,85795,3.41,17,17,14/11/2024
572,Smart Scale,Health,Male,24997,29291,70147,2.31,1,23,27/03/2025
573,Pocket Blanket,Outdoor,Female,29432,93020,23052,3.86,9,14,01/12/2024
574,Mini Waffle Maker,Kitchen,Male,49376,149022,63442,3.98,8,1,29/08/2025
575,Chocolate Raspberry Tart,Food - Bakery,Female,2688,110088,88272,3.34,2,7,16/01/2025
576,Hibiscus Tea Bags,Food - Beverages,Female,16951,30716,42957,4.97,15,27,12/02/2025
577,Nordic Berry Smoothie,Food - Frozen Foods,Male,24511,130718,6844,4.75,17,28,01/10/2025
578,Herbal Garden Starter Kit,Garden,Female,30731,90208,80646,3.17,15,24,21/01/2025
579,Sliced Strawberries,Food - Fruits,Female,48899,72616,92465,2.21,12,21,26/02/2025
580,BBQ Jackfruit,Food - Prepared Foods,Female,7333,153684,4515,2.25,8,38,26/06/2025
581,Electric Hot Pot,Kitchen,Male,3957,50248,66212,3.98,19,31,27/04/2025
582,Children's Science Experiment Lab Kit,Toys,Male,43951,124717,22688,2.87,20,45,05/10/2025
583,Wine Decanter,Home,Female,12006,143397,95236,2.36,1,16,30/12/2024
584,Portable Charcoal Grill,Outdoor,Male,17902,168909,74898,2.62,2,4,27/11/2024
585,Fitness Foam Roller,Fitness,Male,15993,193507,21099,3.98,13,47,28/09/2025
586,Portable Bluetooth Speaker,Audio,Male,21362,23991,82593,4.39,1,31,13/01/2025
587,Travel Pillow,Travel,Female,24391,162642,42431,4.02,15,31,08/12/2024
588,Board Game,Toys,Male,11834,121574,92014,2.86,19,49,01/04/2025
589,Automatic Pet Feeder,Pets,Female,9027,30323,43845,2.71,7,41,26/04/2025
590,Free-Range Eggs,Food - Dairy,Male,998,24488,82469,3.07,20,14,12/02/2025
591,Chicken Fajita Kit,Food - Prepared Foods,Female,35770,54493,26955,4.26,13,30,22/12/2024
592,Yoga Mat Carrier,Fitness,Male,49310,2045,65732,3.06,9,50,15/05/2025
593,Sparkling Blood Orange Soda,Food - Beverages,Female,9811,54129,59344,2.22,16,34,04/08/2025
594,Kids' Craft Supplies Set,Toys,Female,23777,110597,47759,4.51,8,38,07/11/2024
595,Pet Travel Carrier,Pets,Male,30207,49155,91153,4.79,7,12,23/01/2025
596,Tandoori Chicken Marinade,Food - Condiments,Male,45926,107657,65082,3.17,2,45,29/04/2025
597,Window A/C Unit,Home Appliances,Female,22046,90942,82291,3.03,15,43,18/11/2024
598,Smartphone Gimbal,Electronics,Male,16955,136583,81610,2.56,12,3,31/10/2025
599,Cable Knit Cardigan,Clothing - Outerwear,Male,44921,121741,19975,2.93,2,37,25/07/2025
600,Decorative LED Neon Sign,Home,Male,37594,50107,90585,2.17,1,35,19/11/2024
601,Peanut Butter Granola,Food - Breakfast,Male,36722,164913,24042,2.99,9,10,16/02/2025
602,Sweet Chili Sauce,Food - Condiments,Male,30280,144448,41141,4.44,18,12,18/11/2024
603,Savory Mushroom Risotto,Food - Gourmet Rice,Female,12586,66873,9258,2.14,14,39,15/03/2025
604,Adjustable Kneeling Pad,Garden,Female,4624,97586,57937,2.07,20,12,28/12/2024
605,Bluetooth Sleep Headphones,Audio,Female,45969,177174,12550,3.39,1,23,04/06/2025
606,Almond Butter,Food - Condiments,Male,731,175037,69685,2.44,16,14,01/11/2025
607,Protein Powder,Fitness,Male,47936,156347,48652,4.76,18,2,23/01/2025
608,Scented Candle Set,Home,Female,47474,76469,35007,3.19,8,40,17/12/2024
609,Mixed Berry Smoothie Pack,Food - Frozen Food,Male,44973,56712,14152,4.53,13,26,15/06/2025
610,Smartphone Stand,Accessories,Female,18082,197562,81378,3.23,10,7,28/04/2025
611,Cinnamon Roll Protein Bar,Food - Snacks,Male,16264,151876,12824,3.46,8,29,20/05/2025
612,Peanut Butter Filled Pretzels,Food - Snacks,Male,39847,50076,60884,4.73,1,36,03/09/2025
613,Whipped Cream Cheese,Food - Dairy,Female,25356,57469,53588,3.81,20,15,01/03/2025
614,Collapsible Camping Cup,Outdoor,Male,2859,155685,63600,3.21,11,26,12/04/2025
615,Decorative Throw Blanket,Home,Male,48392,179610,53407,2.11,6,28,05/06/2025
616,Memory Foam Mattress Pad,Home,Male,21052,156768,32657,3.44,19,21,26/07/2025
617,Action Camera,Electronics,Female,23178,127350,14509,2,12,30,07/01/2025
618,Hair Dryer,Beauty,Male,22471,192047,68125,2.01,1,4,22/09/2025
619,Cheddar & Bacon Potato Skins,Food - Frozen,Male,23586,106784,50449,2.55,20,17,05/05/2025
620,Portable Refrigerator Freezer,Outdoor,Male,7346,124621,25408,2.42,15,12,31/10/2025
621,Veggie Burger Patties,Food - Meat Substitutes,Female,40312,116313,12707,4.52,1,13,14/09/2025
622,Dog Car Seat Cover,Pets,Male,22709,160158,32118,3.97,19,8,01/04/2025
623,Coconut Oil Spray,Food - Cooking Oils,Female,21595,129860,68073,2.75,15,5,02/11/2025
624,Adjustable Laptop Desk,Office,Female,1622,149083,48165,4.12,20,36,04/11/2024
625,Pet Grooming Gloves,Pets,Female,38012,104905,28750,3.84,3,34,16/10/2025
626,Organic Coconut Flakes,Food - Baking,Female,10207,37283,72210,4.31,17,37,14/02/2025
627,Organic Coconut Flour,Food - Baking,Male,16594,119859,72111,3.49,13,44,19/07/2025
628,Wooden Blocks,Toys,Male,11656,172629,21065,3.56,16,27,09/11/2024
629,Kettle Corn Popcorn,Food - Snacks,Male,1480,122761,53483,3.08,9,32,10/07/2025
630,Vegetarian Stuffed Peppers,Food - Prepared Foods,Male,32964,195667,11956,4.22,3,30,08/03/2025
631,Blackberry Jam,Food - Condiments,Male,13429,92127,60979,3.84,4,19,22/06/2025
632,Wooden Blocks,Toys,Male,34175,135735,92183,4.53,9,42,07/06/2025
633,Flavored Instant Oatmeal,Food - Breakfast,Female,27052,130204,52394,3.03,18,13,05/12/2024
634,DIY Organic Gardening Kit,Garden,Female,39420,34844,68188,3.66,13,44,19/09/2025
635,Foldable Electric Scooter,Outdoor,Female,24533,54789,15917,3.21,18,37,09/07/2025
636,Spicy Italian Sausage,Food - Meat & Seafood,Male,15340,73381,28511,3.18,9,36,15/10/2025
637,Pasta (Fusilli),Food - Pasta,Male,25170,112541,44654,4.59,20,36,22/12/2024
638,Sweet Potato Chips,Food - Snacks,Male,25633,82884,69428,4.18,14,16,14/02/2025
639,Slim Wallet,Accessories,Female,34811,117243,30288,4.32,9,19,10/04/2025
640,Cheddar Cheese Crackers,Food - Snacks,Female,7400,96860,16293,2.18,13,18,28/05/2025
641,Waterproof Rain Boots,Clothing - Footwear,Male,36688,155621,98081,4.35,4,49,06/04/2025
642,Compact Folding Table,Outdoor,Male,32571,193958,95481,2.09,2,17,23/08/2025
643,French Bread,Food - Bakery,Male,3765,141889,63704,3.36,15,50,27/03/2025
644,Safety Pin Dispenser,Office,Male,22030,119370,85921,4.44,16,47,07/03/2025
645,Ice Pack,Health,Female,12433,34859,75695,2.66,4,44,09/05/2025
646,Magnetic Phone Car Mount,Automotive,Female,4708,167339,64094,2.3,14,19,10/12/2024
647,Set of Silicone Baking Molds,Kitchen,Male,14320,38887,20279,3.31,17,28,16/02/2025
648,Scent Diffuser,Home,Female,22427,185908,26984,3.86,19,45,30/12/2024
649,Pet Grooming Brush,Pets,Male,2654,77583,5501,2.59,9,7,03/12/2024
650,Pet Travel Bowl,Pets,Male,25577,107061,21433,2.84,17,39,31/12/2024
651,Almond Milk Yogurt,Food - Dairy Alternatives,Female,28697,21950,53578,4.01,16,8,28/10/2025
652,Elegant Maxi Skirt,Clothing - Bottoms,Female,24942,103702,67651,2.25,5,40,28/06/2025
653,Low-Fat Yogurt,Food - Dairy,Male,18755,188992,9575,4.33,4,33,14/06/2025
654,Nutty Trail Mix,Food - Snacks,Female,22014,196045,58698,2.68,16,7,16/09/2025
655,Dark Chocolate Almond Butter Cups,Food - Snacks,Female,43893,164716,45848,2.17,2,24,15/07/2025
656,Peach Green Tea,Food - Beverages,Male,29421,126558,75952,3.47,18,37,13/07/2025
657,Wrap Jumpsuit,Clothing - Jumpsuits,Female,47556,168493,65356,2.69,5,9,24/09/2025
658,Golf Putting Green,Sports,Male,48798,191428,58679,4.04,15,44,10/09/2025
659,Winter Insulated Jacket,Clothing,Male,8562,99220,60026,2,14,19,16/02/2025
660,Self-Cleaning Water Bottle,Fitness,Female,12829,120368,41307,4.38,8,6,17/09/2025
661,Adjustable Window Blind,Home,Male,47245,66855,38433,4.99,2,11,12/08/2025
662,Peanut Butter Chocolate Chip Bars,Food - Snacks,Female,11245,37965,85447,2.66,9,12,27/08/2025
663,Sweet Potatoes,Food - Produce,Female,16636,124672,59522,4.6,10,2,22/09/2025
664,Throw Pillow Covers,Home,Female,47058,76361,67038,4.65,8,8,30/10/2025
665,Car Diagnostic Scanner,Automotive,Female,35594,162883,68372,2.1,16,39,01/08/2025
666,Eco-Friendly Notepad,Office,Female,11927,135335,30762,3.52,6,37,12/08/2025
667,Electric Screwdriver,Tools,Male,17830,3727,97048,4.46,16,27,16/08/2025
668,Eco-Friendly Yoga Mat,Fitness,Female,34273,76535,16885,2.43,13,11,28/09/2025
669,Wine Glasses,Home,Female,46582,170086,22038,2.98,15,7,06/03/2025
670,Silicone Baking Mat,Kitchen,Male,26175,60354,77418,3.92,2,34,16/07/2025
671,Pet Activity Tracker,Pets,Female,32677,51309,60487,2.65,13,38,18/10/2025
672,Wireless Earbuds,Audio,Male,37025,83727,18521,3.07,11,42,21/11/2024
673,Garlic Herb Cream Cheese,Food - Dairy,Female,26893,186716,27623,3.74,5,23,21/12/2024
674,Beet Salad,Food - Prepared Foods,Male,35875,79929,60299,4.85,19,7,28/04/2025
675,Honey Mustard Dip,Food - Condiments,Male,33644,53054,35527,2.28,15,14,12/01/2025
676,Lemon Dill Salmon,Food - Seafood,Male,46171,96572,71910,2,9,25,19/11/2024
677,Poppy Seed Dressing,Food - Condiments,Female,28317,42581,51251,2.75,13,10,03/11/2025
678,Chocolate Chip Muffins,Food - Bakery,Female,20495,17240,768,2.52,16,38,05/04/2025
679,Teriyaki Tofu Stir-Fry,Food - Prepared Meals,Female,3269,90892,21385,3.61,5,46,02/11/2025
680,Relaxed Fit Henley Shirt,Clothing - Tops,Female,34806,31608,31700,2.07,17,9,15/01/2025
681,Sweet Potato Mash,Food - Frozen Foods,Female,22479,194692,55696,2.25,1,20,05/10/2025
682,Walnut Halves,Food - Nuts,Male,24368,150092,35031,4.81,11,47,28/09/2025
683,LED Table Lamp,Home,Male,49516,7771,94597,2.03,5,34,01/01/2025
684,Stainless Steel Water Pitcher,Kitchen,Male,33336,133498,83777,3.27,3,41,24/06/2025
685,Fishing Rod,Outdoor,Male,23918,105618,31593,4.8,9,4,23/09/2025
686,Organic Lentil Soup,Food - Soups,Female,33722,139121,51541,2.07,5,35,06/09/2025
687,Craft Beer Mustard,Food - Condiments,Female,41978,5222,15553,2.39,14,9,18/04/2025
688,Underwater Camera,Photography,Female,36504,185561,300,4.3,10,38,01/11/2025
689,BBQ Sauce,Food - Condiments,Female,36041,128334,69314,4.4,5,11,22/11/2024
690,Wireless HDMI Receiver,Electronics,Female,13912,41711,87311,3.16,18,1,08/11/2024
691,Herb Garden Planter Box,Garden,Female,4136,155124,89246,4.82,13,23,08/12/2024
692,Pineapple Salsa,Food - Condiments,Female,31819,27633,43683,4.3,19,31,07/07/2025
693,Traditional Hummus,Food - Dips,Female,14857,197554,1380,4.46,12,7,08/02/2025
694,Outdoor Portable Fire Pit,Outdoor,Male,23512,130353,89171,2.06,15,21,12/01/2025
695,Maple Pecan Pancake Mix,Food - Breakfast,Male,37293,107896,89918,2.11,20,38,25/11/2024
696,Organic Brown Sugar,Food - Baking,Female,12230,158011,3757,4.8,13,23,28/03/2025
697,Sunflower Seeds,Food - Nuts,Female,27414,193933,66610,4.6,18,32,14/05/2025
698,Wireless Charger,Accessories,Female,18177,26839,88113,3.07,9,13,19/03/2025
699,Pet Nail Clipper,Pets,Male,29641,62926,20876,3.16,11,7,17/10/2025
700,Cauliflower Rice Stir-Fry,Food - Frozen Foods,Female,34860,89749,97199,2.4,11,7,20/12/2024
701,Chipotle Sauce,Food - Condiments,Male,20250,29099,36835,2.29,7,29,14/01/2025
702,Garlic Herb Cream Cheese,Food - Dairy,Male,28966,12503,7167,4.27,18,2,02/03/2025
703,Wall-Mounted Spice Rack,Kitchen,Male,20368,129121,33842,3.16,5,39,04/08/2025
704,Chickpea Salad Deluxe,Food - Produce,Female,40843,132283,13362,2.86,7,1,02/05/2025
705,Cocoa Powder,Food - Baking,Male,30219,90140,58640,2.54,16,17,03/07/2025
706,Cushion Covers,Home,Male,29125,144340,86982,3.31,11,42,18/02/2025
707,Spaghetti and Meatball Dinner Kit,Food - Meal Kits,Female,24725,31578,82445,3.37,8,27,11/09/2025
708,Sliced Olives,Food - Condiments,Female,36821,187073,60292,3.11,8,39,01/11/2025
709,Desk Lamp with USB Port,Office,Female,6270,13954,53637,4.48,1,44,06/07/2025
710,Instant Mashed Potatoes,Food - Sides,Male,33986,9077,2933,2.42,11,21,24/08/2025
711,Chocolate Syrup,Food - Condiments,Female,27466,159036,17531,4.46,4,4,10/12/2024
712,LED Camping Lantern with USB Charging,Outdoor,Male,15037,156839,60651,4.9,11,48,16/10/2025
713,Organic Lentil Soup,Food - Soups,Male,28793,182247,6015,3.77,2,15,22/10/2025
714,Kale Salad Kit,Food - Salads,Male,21125,89597,72203,4.37,16,24,10/12/2024
715,Pepper Jack Cheese Sticks,Food - Snacks,Female,36504,129763,21881,4.79,14,19,01/09/2025
716,Coconut Milk,Food - Canned Goods,Female,5720,16366,1344,3.5,10,17,05/12/2024
717,Cinnamon Raisin Bread,Food - Bakery,Male,7126,83308,91913,2.16,17,24,12/08/2025
718,Laundry Detergent,Food - Household,Male,20059,43705,36651,4.35,7,30,26/08/2025
719,Vanilla Bean Greek Yogurt,Food - Dairy,Male,5682,49932,54847,4.8,13,32,10/10/2025
720,Garlic and Herb Rub,Food - Spices,Male,35006,156633,73648,3.77,6,7,05/12/2024
721,Banana Peanut Butter Smoothie,Food - Frozen Foods,Female,21874,80306,18432,3.27,7,8,07/05/2025
722,Portable Electric Fan,Home,Male,37179,83965,92969,2.48,13,31,20/08/2025
723,Pasta Primavera Kit,Food - Meal Kits,Female,16735,128775,26922,3.53,9,28,27/03/2025
724,Outdoor Picnic Blanket,Outdoor,Male,10833,113850,88235,3.95,17,46,01/11/2025
725,Classic Slim Fit Shirt,Clothing - Shirts,Male,16302,15137,58253,4.83,18,41,23/04/2025
726,Fitness Mat,Fitness,Female,29451,149822,23388,3.96,17,42,29/08/2025
727,Throw Pillow Covers,Home,Male,8659,100165,78170,2.26,14,17,21/07/2025
728,Home Delivery Food Journal,Health,Female,24454,158973,90483,2.24,3,5,22/01/2025
729,Sriracha Honey Glaze,Food - Sauces,Male,11658,22709,96107,4.07,2,14,08/12/2024
730,Travel Jewelry Organizer,Accessories,Male,30061,139094,58180,4.51,5,24,15/05/2025
731,Handmade Leather Journal,Books,Female,31576,102395,19873,4.94,15,17,23/10/2025
732,Garden Hose,Garden,Female,11003,107504,60388,3.83,1,27,21/01/2025
733,Peach Salsa,Food - Dips,Male,28539,138707,65419,4.96,18,7,27/05/2025
734,Lentil Pasta,Food - Pasta,Male,12009,22199,14130,4.34,20,24,09/09/2025
735,Canned Black Beans,Food - Canned Goods,Male,2956,151565,18821,2.9,5,13,31/12/2024
736,Honey Mustard Pretzel Bites,Food - Snacks,Female,2086,197617,47496,3.76,15,32,09/07/2025
737,Caraway Rye Bread,Food - Bakery,Male,30217,50359,62734,3.95,13,47,12/11/2024
738,Classic Minestrone Soup,Food - Soups,Male,41428,139611,60897,4.5,18,39,22/06/2025
739,Active Racerback Tank,Clothing - Tops,Male,7301,191543,84714,2.54,12,26,27/02/2025
740,Chocolate Peanut Butter Cups,Food - Snacks,Female,19482,119508,87173,2.68,5,46,15/01/2025
741,Californian Raisins,Food - Dried Fruits,Female,10827,31919,20484,4.29,19,20,14/05/2025
742,Yoga Mat,Fitness,Male,27447,49786,19524,4.41,17,19,01/12/2024
743,Chickpea Flour,Food - Baking,Male,37374,75024,60271,3.67,11,42,08/09/2025
744,Granola Bars,Food - Snacks,Male,23115,97396,73679,2.56,20,35,13/05/2025
745,Terry Cloth Robe,Clothing - Loungewear,Male,22699,41680,72424,4.7,11,16,04/11/2024
746,Coconut Curry Lentils,Food - Canned Goods,Male,34141,12286,74807,3.81,9,3,09/02/2025
747,Italian Pasta,Food - Grains,Female,9446,46880,98502,2.83,7,31,02/07/2025
748,Compost Bin,Garden,Male,17033,146325,10673,2.41,3,27,10/05/2025
749,Personalized Keychain,Accessories,Female,14717,63376,82361,3.29,6,8,06/07/2025
750,Frozen Cauliflower Rice,Food - Frozen Foods,Female,34158,147474,45159,3.35,9,44,20/04/2025
751,Fruit & Nut Trail Mix,Food - Snacks,Female,27925,141878,17784,3.92,4,48,17/04/2025
752,Lemon Basil Pasta Sauce,Food - Sauces,Female,1944,102917,10306,2.64,17,37,19/06/2025
753,Coconut Cream Pie,Food - Bakery,Male,48010,70125,30295,2.21,6,7,07/02/2025
754,Portable Pet Bathing Tool,Pets,Female,39703,157584,48013,2.3,20,33,18/05/2025
755,Stainless Steel Cutlery Set,Kitchen,Female,36229,127965,33236,4.63,6,10,11/12/2024
756,Creamy Ranch Dressing,Food - Dressings,Female,39822,76555,27866,2.19,15,27,03/02/2025
757,Computer Monitor Stand,Office,Female,3590,36278,10579,3.29,18,21,11/08/2025
758,Kids' Trampoline,Toys,Male,41544,101351,11207,2.7,9,46,26/12/2024
759,Creamy Avocado Dip,Food - Snacks,Male,7326,22181,31742,3.2,7,40,23/08/2025
760,Home Karaoke System,Audio,Male,35795,96062,59258,3.86,20,35,15/10/2025
761,Personal Blender with Travel Lid,Kitchen,Male,16278,181711,9908,4.55,10,33,08/11/2024
762,Wooden Puzzle Game,Toys,Female,36018,17776,24948,3.46,4,3,11/07/2025
763,Chewy Granola Bars,Food - Snacks,Female,9840,155408,166,4.65,10,9,27/01/2025
764,Almond Joy Munch Bars,Food - Snacks,Male,10560,4885,3593,3.26,3,26,31/12/2024
765,Ground Cinnamon,Food - Spices,Female,1883,166279,77149,4.52,9,46,17/11/2024
766,Salsa Verde,Food - Condiments,Male,30093,117175,40686,4.14,3,25,02/11/2025
767,Cranberry Orange Oatmeal,Food - Breakfast,Male,49402,165370,59419,4.17,9,6,07/04/2025
768,Coconut Chips,Food - Snacks,Female,42760,58070,23793,3.86,5,32,25/06/2025
769,Frozen Mixed Vegetables,Food - Frozen,Female,39940,144215,38532,4.84,18,4,04/09/2025
770,Smoked Paprika,Food - Spices,Female,36548,193342,87252,2.48,3,13,08/10/2025
771,Professional Chef Knife,Kitchen,Male,600,170399,66264,4.58,6,23,30/09/2025
772,Travel Pillow with Memory Foam,Travel,Male,46323,185563,57872,4.43,8,27,11/06/2025
773,Italian Sausage Links,Food - Meat & Poultry,Female,39964,129779,7893,4.06,16,44,24/08/2025
774,Adjustable Pedicure Footrest,Beauty,Male,34180,17341,12855,4.15,4,33,04/01/2025
775,Terry Cloth Robe,Clothing - Loungewear,Male,34082,29664,77490,3.36,16,3,22/09/2025
776,Set of Gardening Gloves with Claws,Garden,Female,49099,70551,93126,2.23,6,46,06/04/2025
777,Sriracha Sauce,Food - Condiments,Male,10761,59891,44866,3.41,3,25,22/02/2025
778,Cranberry Lime Sparkling Water,Food - Beverages,Female,16004,154769,72864,2.3,9,41,25/11/2024
779,Thai Peanut Dressing,Food - Condiments,Male,31658,123338,91657,4.9,17,36,28/10/2025
780,Classic Cheesecake Mix,Food - Desserts,Female,31220,119360,80088,3.4,1,22,07/09/2025
781,Children's Educational Workbook,Books,Male,15295,23235,41395,2.46,9,11,03/01/2025
782,Decorative Wall Tapestry,Home,Male,34464,196928,69088,4.2,16,25,08/06/2025
783,Sweet Potato Fries,Food - Frozen Foods,Male,48664,144176,60061,3.33,17,32,14/03/2025
784,Smartphone Photography Ring Light,Photography,Male,29510,73499,7356,4.98,12,7,16/01/2025
785,Hydration Backpack,Outdoor,Male,9596,41363,55969,2.53,16,26,23/11/2024
786,Water Bottle,Fitness,Female,12657,77850,86391,4.29,3,19,07/09/2025
787,Fitness Resistance Bands,Fitness,Male,4156,4016,5337,3.17,7,4,31/03/2025
788,Luxury Bath Robe,Clothing,Male,34470,96029,7113,3,5,3,25/07/2025
789,Organic Cereal Bars,Food - Snacks,Female,5714,197589,92385,2.57,17,46,09/11/2024
790,Walnut Halves,Food - Nuts,Female,40293,97949,29062,3.58,9,7,03/12/2024
791,Pumpkin Seeds,Food - Snacks,Male,39564,122401,57558,4.17,12,40,16/11/2024
792,Chicken Parmesan Dinner Kit,Food - Frozen Meals,Female,24991,156957,99455,3.35,10,36,19/05/2025
793,Cucumber Relish,Food - Condiments,Male,39164,69021,14396,4.32,15,6,28/11/2024
794,Italian Herbal Seasoning,Food - Spices,Female,31413,94368,758,4.22,3,43,14/11/2024
795,Solar Charger,Electronics,Female,25443,90911,95682,2.72,16,7,22/06/2025
796,Coconut Rice,Food - Frozen,Male,42535,30834,32911,3.46,9,31,05/08/2025
797,Electric Food Slicer,Kitchen,Female,5488,128569,19207,4.8,5,46,28/10/2025
798,Adjustable Garden Rake,Garden,Male,34902,189832,23565,4.76,6,42,03/07/2025
799,Adjustable Pedicure Footrest,Beauty,Female,30907,129285,293,4.17,13,35,22/03/2025
800,Artisan Cornbread Mix,Food - Baking,Female,44757,91504,64807,4.52,2,6,11/05/2025
801,Portable Massage Table,Health,Male,23128,150566,5963,2.39,4,13,08/11/2024
802,Sweet Potato & Kale Hash,Food - Prepared Foods,Male,43854,193621,15298,4.91,12,17,11/11/2024
803,Honey Lemon Tea,Food - Beverages,Female,35555,158475,92141,4.45,8,27,19/05/2025
804,Indian Curry Sauce,Food - Condiments,Male,29001,24681,82260,4.63,1,16,19/09/2025
805,Silicone Baking Mat Set,Kitchen,Male,38367,26461,70269,3.88,8,14,08/02/2025
806,Almond Flour Biscuits,Food - Bakery,Male,30311,155461,78289,3.29,18,26,28/12/2024
807,Kids' Dinosaur-Themed Lunchbox,Accessories,Male,15594,78520,32762,2.6,1,39,21/10/2025
808,Buffalo Wing Sauce,Food - Condiments,Female,29084,49512,30399,3.75,9,44,19/01/2025
809,Black Olives,Food - Canned Goods,Female,2263,70969,97577,2.82,12,28,27/11/2024
810,Fresh Basil,Food - Produce,Female,45938,158935,12067,3.13,15,30,15/10/2025
811,Collapsible Camping Cup,Outdoor,Male,49975,133293,53767,4.17,3,27,21/02/2025
812,Cinnamon Raisin Bagels,Food - Bakery,Male,24541,62019,70725,4.4,3,43,05/04/2025
813,Chocolate Syrup,Food - Condiments,Female,3161,163699,42440,2.62,15,11,10/03/2025
814,Portable Hand Warmer,Accessories,Female,45848,115520,15536,4.31,14,26,20/10/2025
815,Ice Cream Scoop,Kitchen,Female,2328,3469,94057,4.39,6,26,28/12/2024
816,Garden Tool Belt,Garden,Female,24626,130947,89850,3.78,6,42,28/05/2025
817,Chocolate Syrup,Food - Condiments,Male,1142,192896,41640,4.69,18,22,11/03/2025
818,Portable Charger with Solar Panel,Electronics,Male,41377,60910,25281,2.67,17,39,14/02/2025
819,Self-Inflating Camping Mattress,Outdoor,Male,5093,88815,2616,2.89,20,39,29/01/2025
820,Chocolate Mint Protein Shake,Food - Beverages,Female,15925,9341,42798,3.99,9,3,28/07/2025
821,Adjustable Yoga Mat Strap,Fitness,Female,26278,163832,36955,3.41,18,34,07/09/2025
822,Interactive Robot Toy,Toys,Male,14426,162372,46976,3.4,19,46,04/04/2025
823,Vegetable Curry,Food - Frozen Foods,Female,30384,143559,85131,2.48,7,29,04/05/2025
824,Multi-Layer Food Steamer,Kitchen,Male,42815,134320,92343,3.51,20,46,19/10/2025
825,Lemon Lime Sparkling Water,Food - Beverages,Female,3331,96771,24351,4.66,7,14,12/06/2025
826,Pumpkin Puree,Food - Canned Goods,Female,3078,4999,60551,4.65,13,25,11/11/2024
827,Electric Hot Water Dispenser,Kitchen,Female,18252,90926,10226,2.05,19,31,15/06/2025
828,Rechargeable Electric Toothbrush,Health,Female,4668,28614,47304,2.81,7,2,02/09/2025
829,Magnetic Chess Set,Toys,Female,21481,32361,19227,3.73,10,46,14/11/2024
830,Raspberry Lemonade Mix,Food - Beverages,Female,8712,83192,58814,2.01,11,40,25/05/2025
831,Quinoa & Black Bean Salad,Food - Salads,Female,30045,106261,37776,4.17,9,16,07/12/2024
832,Travel Makeup Organizer,Beauty,Female,11424,44691,59332,2.9,5,44,13/06/2025
833,Portable Pet Water Bottle,Pets,Male,22247,15754,31188,2.84,19,14,22/09/2025
834,Vegan Chocolate Cake Mix,Food - Baking,Male,12054,64848,32687,3.47,15,29,10/08/2025
835,Almond Milk Yogurt,Food - Dairy Alternatives,Male,8190,120833,61520,4.47,10,14,04/01/2025
836,Organic Coconut Flakes,Food - Baking,Female,23900,2873,41453,2.11,19,10,01/04/2025
837,Maple Bacon Potato Chips,Food - Snacks,Male,7324,32252,98507,2.84,11,8,04/05/2025
838,Chicken Broth,Food - Canned Goods,Male,33737,59806,681,2.18,6,39,26/11/2024
839,Steak Seasoning Rub,Food - Spices,Male,42963,143972,39141,4.78,14,37,05/07/2025
840,Chocolate Hazelnut Granola,Food - Cereal,Female,40031,142692,36630,2.97,6,5,26/01/2025
841,Sweet Pea Hummus,Food - Dips,Female,46182,15846,6701,4.82,12,17,25/02/2025
842,Himalayan Salt Grinder,Food - Spices,Female,30633,92424,15113,3.75,11,39,27/11/2024
843,Chipotle Lime Salsa,Food - Condiments,Female,5223,144833,15115,4.44,20,40,11/10/2025
844,Dog Training Collar,Pets,Male,44873,28081,80196,3.01,1,6,08/11/2024
845,Pet Hair Removal Brush,Pets,Male,24656,13205,5384,2.54,5,22,12/07/2025
846,Vegetable Potstickers,Food - Frozen Food,Female,43970,57834,3922,3.81,14,25,27/04/2025
847,Grilled Veggie Burgers,Food - Meat Alternatives,Male,7130,161332,24648,4.57,12,34,09/08/2025
848,Wooden Blocks,Toys,Female,43116,79022,43244,4.43,8,19,26/03/2025
849,Quinoa and Kale Salad Kit,Food - Salads,Female,5455,28454,7796,3.68,15,38,09/03/2025
850,Travel Eye Mask with Ear Plugs,Travel,Male,18647,58324,25986,3.99,18,40,11/06/2025
851,Oven-Baked Cheese Crisps,Food - Snacks,Male,41994,183301,65322,2.96,16,34,03/07/2025
852,Fresh Strawberries,Food - Produce,Male,6881,21236,45562,3.91,11,29,15/05/2025
853,Jalapeo Cornbread,Food - Bakery,Male,15129,13098,61118,3.09,14,43,28/07/2025
854,Stylish Wireless Earbuds,Audio,Female,48912,158575,42962,3.85,14,24,07/07/2025
855,Protein Bar Variety Pack,Food - Snacks,Male,20272,185108,78006,3.08,20,24,29/05/2025
856,Blender Bottle,Fitness,Male,27207,112051,83270,4.47,5,31,06/08/2025
857,Organic Italian Seasoning,Food - Spices,Male,15538,75435,95186,3.39,9,50,30/12/2024
858,Handmade Soap Making Kit,Crafts,Male,30266,95973,54840,2.51,6,8,17/02/2025
859,Pet Hair Removal Brush,Pets,Female,44484,118156,14622,3.14,8,31,08/03/2025
860,Crispy Potato Tots,Food - Frozen Foods,Female,47575,60252,457,4.86,15,42,17/01/2025
861,Mini Electric Kettle,Kitchen,Male,39180,9036,69895,2.49,16,4,09/01/2025
862,Baked Falafel Balls,Food - Frozen Vegetables,Female,22589,130390,53082,4.79,1,46,01/10/2025
863,Luxury Rolling Makeup Case,Beauty,Female,34440,126226,30664,2.64,11,23,05/08/2025
864,Lemon Dill Salmon,Food - Seafood,Male,23088,93473,52670,4.04,20,26,22/02/2025
865,Personal Blender,Kitchen,Female,9911,77372,70354,2.26,8,9,27/11/2024
866,Key Finder,Accessories,Female,22525,199006,56116,4.37,4,49,25/12/2024
867,Winter Insulated Jacket,Clothing,Male,9168,107930,50501,3.72,2,23,29/08/2025
868,Bluetooth Car Adapter,Automotive,Female,45604,69119,71290,2.65,11,28,08/10/2025
869,Personal Blender,Kitchen,Female,25710,67349,67408,4.96,14,49,28/10/2025
870,USB-C Hub,Computers,Male,19881,52305,42547,4.92,12,38,19/10/2025
871,Vegan Caesar Dressing,Food - Condiments,Female,26145,7883,40926,3.38,16,30,02/11/2025
872,Vanilla Bean Greek Yogurt,Food - Dairy,Female,18525,176591,64217,3.92,7,5,23/11/2024
873,Electronic Drum Kit,Music,Male,49048,52925,8178,3.17,11,19,03/11/2025
874,Basic V-Neck T-Shirt,Clothing - Tops,Female,47872,158812,82917,2.38,2,5,10/04/2025
875,Sweet and Spicy Barbecue Sauce,Food - Condiments,Male,31027,64880,49856,3.35,5,28,23/06/2025
876,Frozen Salmon Filets,Food - Seafood,Male,28286,104779,84820,2.86,8,43,24/02/2025
877,Vegetable Lentil Soup,Food - Canned Goods,Female,33210,102109,14059,3.08,7,2,05/05/2025
878,Hibiscus Herbal Tea,Food - Beverages,Female,24299,20626,74969,4.72,11,1,01/11/2025
879,Solar Power Bank,Electronics,Female,14128,43881,54826,3.08,16,3,16/07/2025
880,Cooking Utensil Set,Kitchen,Female,4408,151682,27196,4.14,6,17,13/12/2024
881,Sports Windbreaker,Clothing - Outerwear,Female,29251,188940,11765,4.97,12,43,21/01/2025
882,Pear and Gorgonzola Salad,Food - Salads,Female,6602,196743,52555,3.23,12,28,12/06/2025
883,Infrared Thermometer Gun,Health,Female,24842,199683,31679,2.64,16,19,23/04/2025
884,Self-Cleaning Cat Litter Box,Pets,Male,47483,183625,13577,3.09,15,45,25/12/2024
885,Honey Glazed Carrots,Food - Produce,Male,17685,24513,84999,2.45,11,18,08/01/2025
886,Portable Air Conditioner,Home Appliances,Female,3281,151786,19843,2.36,14,1,25/01/2025
887,Tropical Fruit Bowl,Food - Snacks,Male,21737,122314,1713,4.11,9,41,15/05/2025
888,Thai Coconut Curry Sauce,Food - Condiments,Male,4258,198391,7636,4.73,1,1,27/03/2025
889,Telescope,Outdoor,Male,8014,138382,13144,4.96,15,43,03/06/2025
890,Mediterranean Chickpea Bowl,Food - Prepared Foods,Female,32348,39923,47919,2.2,18,1,23/11/2024
891,Mobile Workbench,Tools,Male,2676,133645,99617,2.75,10,39,28/06/2025
892,Sweet Chili Sauce,Food - Condiments,Male,49458,145812,396,2.7,12,30,22/02/2025
893,Fashionable Fanny Pack,Clothing - Accessories,Female,35367,104472,7360,2.89,15,31,15/02/2025
894,Honey Mustard Sauce,Food - Condiments,Male,38371,25212,41625,4.26,4,13,27/03/2025
895,Non-Stick Grill Mat,Outdoor,Female,13914,36215,56547,3.91,5,43,16/06/2025
896,Pet Grooming Scissors,Pets,Male,2720,142871,96873,3.96,8,42,15/07/2025
897,LED Strip Lights,Home,Male,4586,67488,46405,4.84,4,46,28/06/2025
898,Portable Camping Stove,Outdoor,Male,22798,111324,76014,3.62,19,49,05/08/2025
899,Pumpkin Pancake Mix,Food - Breakfast,Female,37803,181245,73810,3.24,6,25,09/05/2025
900,Air Purifier,Home,Female,38003,18370,6642,3.29,10,47,29/12/2024
901,Kids' Outdoor Explorer Kit,Toys,Male,3104,59016,82268,4.92,8,1,17/05/2025
902,Leather Wallet,Accessories,Female,44618,105134,73161,4.22,16,33,23/02/2025
903,Portable Solar Camp Shower,Outdoor,Male,30204,187975,49330,4.89,13,30,17/05/2025
904,Chunky Knit Sweater,Clothing - Tops,Male,49765,6183,26129,4.61,10,16,25/04/2025
905,Desk Lamp with USB Port,Office,Male,15105,162775,17128,2.03,4,36,31/05/2025
906,Frozen Vegetarian Pizza,Food - Frozen Meals,Female,5118,89124,90214,2.28,16,11,09/10/2025
907,Electric Skillet,Kitchen,Male,21556,70935,83284,4.17,17,39,27/04/2025
908,Cordless Electric Screwdriver,Tools,Male,21507,36186,82556,3.07,5,27,22/08/2025
909,Whole Grain Mustard,Food - Condiments,Male,4182,68413,65633,2.23,9,9,12/01/2025
910,Satin Slip Dress,Clothing - Dresses,Male,8937,59445,90104,3.63,19,45,16/02/2025
911,Reflective Safety Vest,Safety,Male,4968,92353,82994,4.39,17,9,24/06/2025
912,Self-Cleaning Cat Litter Box,Pets,Male,18188,101453,98403,4.47,5,7,11/08/2025
913,Digital Wireless Meat Thermometer,Kitchen,Male,48444,175260,77203,4.55,10,22,29/03/2025
914,Insulated Lunch Bag,Kitchen,Male,25031,18336,92941,2.77,7,16,07/12/2024
915,Apple Pie Filling,Food - Canned Goods,Female,16205,177965,25356,3.24,7,10,15/09/2025
916,Beef Stew Meat,Food - Meat,Male,8445,152824,18923,4.58,3,3,05/04/2025
917,Buffalo Style Cauliflower Bites,Food - Frozen Vegetables,Male,14477,86801,58380,4.46,16,42,18/08/2025
918,DIY Lip Balm Kit,Crafts,Female,28482,44444,98576,2.35,10,47,17/08/2025
919,Falafel Mix,Food - Baking & Cooking,Male,20957,52321,72034,4.99,8,1,09/09/2025
920,Pet Bed with Removable Cover,Pets,Female,14339,13904,70625,3.06,15,23,26/06/2025
921,Eggs (dozen),Food - Dairy,Male,15941,175733,56289,3.24,5,24,27/08/2025
922,Puzzle,Toys,Male,2844,93965,62584,3.04,2,21,21/07/2025
923,Artisan Pickles,Food - Condiments,Male,3411,43540,21553,4.56,4,25,08/10/2025
924,Digital Thermostat,Home,Male,19577,167650,13359,4.79,9,40,14/10/2025
925,Cranberry Almond Cookies,Food - Bakery,Male,44808,164975,6247,4.63,17,5,19/11/2024
926,Cheddar Cheese Crackers,Food - Snacks,Male,40513,113436,77547,3.78,6,33,04/04/2025
927,Balsamic Glazed Brussels Sprouts,Food - Vegetables,Male,18057,126496,10874,3.03,12,43,03/08/2025
928,Car Seat Organizer,Automotive,Female,40819,109118,9141,4.73,1,35,13/11/2024
929,Roasted Garlic Butter,Food - Condiments,Male,28857,24532,21545,4.7,20,17,01/12/2024
930,Thermostatic Shower Valve Kit,Bathroom,Female,27025,99915,45213,3.08,12,11,03/11/2025
931,Pet Hair Removal Brush,Pets,Female,5827,30268,49675,4.08,12,28,06/09/2025
932,Key Finder,Accessories,Female,26903,41650,42988,4.12,17,39,16/11/2024
933,Fitness Activity Journal,Fitness,Male,48055,94878,50410,2.59,19,47,05/12/2024
934,Herb Drying Rack,Garden,Male,30989,1525,44622,4.15,8,8,14/10/2025
935,Pet Waterer with Filtration,Pets,Female,10263,156543,45275,2.19,1,40,16/10/2025
936,Honey Roasted Chickpeas,Food - Snacks,Female,24811,145061,77641,4,20,18,23/03/2025
937,Luxury Bath Salts,Beauty,Female,20659,66291,21363,3.99,19,33,02/06/2025
938,Bodyweight Resistance Bands,Fitness,Female,41254,983,86238,4.37,9,31,01/12/2024
939,Fettuccine Alfredo Dinner Kit,Food - Prepared Meals,Female,40545,161056,36306,3.2,6,13,25/12/2024
940,Raspberry Tart,Food - Baked Goods,Male,3768,163255,52106,2.91,19,22,13/10/2025
941,Nordic Berry Smoothie,Food - Frozen Foods,Male,25404,199814,44347,2.52,6,19,20/07/2025
942,Spaghetti Squash,Food - Produce,Male,18990,168990,68821,3.1,9,42,04/02/2025
943,Margherita Pizza,Food - Frozen Foods,Male,33926,40457,80019,4.98,20,7,19/02/2025
944,Cordless Water Flosser,Health,Female,47966,113142,45974,2.88,8,19,06/11/2024
945,Avocado Oil,Food - Oils,Male,24529,196741,81776,4.04,14,4,23/10/2025
946,Herbed Couscous,Food - Grains,Male,29174,164836,78246,3.47,7,8,21/11/2024
947,Legging Pants,Clothing - Activewear,Male,4167,116191,22608,3.81,14,33,23/06/2025
948,Tailored Dress Pants,Clothing - Bottoms,Male,48127,138463,61329,2.36,1,12,28/01/2025
949,Tuscan Bean Soup,Food - Canned Goods,Female,6114,22247,57320,3.61,14,16,21/07/2025
950,Insulated Sport Tumbler,Fitness,Female,1714,87291,84120,3.58,2,19,22/05/2025
951,Spinach Artichoke Dip,Food - Snacks,Female,33989,109560,15845,4.52,2,35,20/08/2025
952,Herbed Goat Cheese,Food - Cheese,Male,17671,124605,37781,3.01,10,19,08/11/2024
953,Taro Chips,Food - Snacks,Male,35212,41892,10555,3.82,12,36,07/03/2025
954,Reversible Comforter Set,Home,Male,13511,31837,39093,2.17,4,22,18/12/2024
955,Smartphone Gimbal Stabilizer,Photography,Male,32709,73569,92681,2.68,20,49,12/06/2025
956,Professional Chef Knife,Kitchen,Male,46581,149888,19388,4.91,13,27,26/05/2025
957,Kids' Building Blocks,Toys,Male,2248,125520,61741,3.34,14,34,04/08/2025
958,Printed Maxi Skirt,Clothing - Skirts,Female,649,113445,90105,2.6,4,10,26/03/2025
959,Compact Refrigerator,Home Appliances,Male,49679,107294,55503,2.19,8,22,19/11/2024
960,Ski Goggles,Sports,Male,21626,84769,14872,4.82,11,4,09/10/2025
961,Training Soccer Ball,Sports,Male,34442,98115,79153,3.83,7,7,02/01/2025
962,Luminous Night Light,Home,Male,15361,87947,51169,4.95,1,50,02/02/2025
963,Organic Granola Cereal,Food - Breakfast,Male,25381,162388,53051,2.68,17,12,20/03/2025
964,Deluxe First Aid Kit,Health,Male,11427,174327,32396,2.92,9,33,27/07/2025
965,Black Olives,Food - Canned Goods,Male,27411,65290,35419,2.07,3,12,20/04/2025
966,Luxury Bathrobe,Clothing,Female,11657,80746,1935,3.64,9,40,02/01/2025
967,Dark Chocolate Bars,Food - Snacks,Female,24046,18975,22269,2.39,9,23,30/07/2025
968,Puff Pastry,Food - Bakery,Male,49286,101262,52507,4.8,12,26,28/08/2025
969,Overnight Hiking Backpack,Outdoor,Male,487,47668,44003,3.55,11,37,26/04/2025
970,Baked Potato Chips,Food - Snacks,Female,31961,113751,99167,4.68,9,10,04/04/2025
971,Pineapple Teriyaki Chicken Mix,Food - Meat,Female,38410,169479,51914,4.59,6,6,10/04/2025
972,Scented Soy Candles,Home,Female,43345,145140,76258,4.66,7,4,23/02/2025
973,Butternut Squash Soup,Food - Soups,Female,47402,134609,57642,4.1,9,10,11/06/2025
974,Portable Solar Generator,Outdoor,Male,24193,8600,35252,3.46,18,29,14/12/2024
975,Bamboo Bathtub Caddy,Home,Female,46813,162414,23171,4.46,9,34,15/03/2025
976,Spicy Kimchi,Food - Condiments,Female,30512,199611,85598,2.47,15,42,27/04/2025
977,Board Game,Toys,Male,18427,125037,9077,4.1,9,30,22/10/2025
978,Tropical Fruit Bowl,Food - Snacks,Female,40122,22049,43199,4.77,14,19,04/01/2025
979,Quinoa & Black Bean Salad,Food - Salads,Female,27640,39601,13986,2.82,11,7,16/11/2024
980,Basmati Rice,Food - Grains,Male,4210,28084,29252,2.44,10,37,18/01/2025
981,Cauliflower Rice Stir-Fry,Food - Frozen Foods,Female,28202,168149,93978,4.58,17,46,13/05/2025
982,Smartphone Gimbal,Electronics,Male,33465,24358,88543,3.53,17,41,25/06/2025
983,Frozen Broccoli,Food - Frozen,Female,26709,150386,49016,2.92,7,15,06/02/2025
984,Lentil Vegetable Stew,Food - Canned Soups,Female,47865,59340,50707,4.68,19,11,24/04/2025
985,Rice Cakes,Food - Snacks,Male,40112,60729,12145,2.51,8,11,26/09/2025
986,Bluetooth Car Adapter,Automotive,Female,9561,99094,11598,2.81,13,27,19/04/2025
987,Foam Roller for Muscle Recovery,Fitness,Male,45784,27401,43706,3.39,10,43,23/12/2024
988,Caramelized Onion Dip Mix,Food - Snacks,Female,8729,86002,13041,3.35,11,27,03/10/2025
989,Smartphone Camera Lens Kit,Photography,Female,10393,34174,11150,2.74,9,3,23/06/2025
990,Tomatillo Salsa,Food - Condiments,Male,17402,100503,98504,3.01,17,1,20/04/2025
991,Pasta Portion Control Measure,Kitchen,Female,35656,69970,54812,2.59,8,48,13/08/2025
992,Mini Fondue Set,Kitchen,Female,38287,21101,37161,2.37,7,10,27/12/2024
993,Pasta (Linguine),Food - Pasta,Female,34281,110983,15083,2.97,14,46,20/03/2025
994,Chipotle Black Bean Burger,Food - Meats,Female,41087,94817,26669,4.2,17,23,21/05/2025
995,Portable Air Compressor,Automotive,Female,45214,187810,74861,2.52,18,49,31/05/2025
996,Vegan Chocolate Cake Mix,Food - Baking,Male,10564,4351,87505,4.88,6,42,02/01/2025
997,Strawberry Fruit Spread,Food - Jams & Jellies,Male,37071,70790,18042,4.42,7,13,19/05/2025
998,Grass Fed Beef Patties,Food - Meat,Male,44322,134252,37271,2.58,12,21,09/07/2025
999,Camera Lens Cleaning Kit,Photography,Male,34156,126388,62566,3.79,7,42,28/06/2025
1000,Bamboo Bathtub Caddy,Home,Male,10624,137267,38263,3.64,5,43,07/10/2025
